[{"model": "database.location", "pk": 17, "fields": {"location_name": "Auburn Park & Ride", "location_zip": "98002", "location_capacity": 8}}, {"model": "database.location", "pk": 19, "fields": {"location_name": "Bear Creek Park & Ride", "location_zip": "", "location_capacity": 8}}, {"model": "database.location", "pk": 20, "fields": {"location_name": "Brickyard Road Park & Ride", "location_zip": "", "location_capacity": 4}}, {"model": "database.location", "pk": 21, "fields": {"location_name": "Burien Transit Center", "location_zip": "", "location_capacity": 8}}, {"model": "database.location", "pk": 22, "fields": {"location_name": "Eastgate Park & Ride", "location_zip": "", "location_capacity": 14}}, {"model": "database.location", "pk": 23, "fields": {"location_name": "Federal Way/S 320th St Park & Ride", "location_zip": "", "location_capacity": 6}}, {"model": "database.location", "pk": 24, "fields": {"location_name": "Greenlake Park & Ride", "location_zip": "", "location_capacity": 22}}, {"model": "database.location", "pk": 25, "fields": {"location_name": "Issaquah - Tibbetts Lot Park & Ride", "location_zip": "", "location_capacity": 4}}, {"model": "database.location", "pk": 26, "fields": {"location_name": "Kenmore Park & Ride", "location_zip": "", "location_capacity": 12}}, {"model": "database.location", "pk": 27, "fields": {"location_name": "Kent/James St Park & Ride", "location_zip": "", "location_capacity": 4}}, {"model": "database.location", "pk": 28, "fields": {"location_name": "Kingsgate Park & Ride", "location_zip": "", "location_capacity": 8}}, {"model": "database.location", "pk": 29, "fields": {"location_name": "Newport Hills Park & Ride", "location_zip": "", "location_capacity": 4}}, {"model": "database.location", "pk": 30, "fields": {"location_name": "Northgate Transit Center", "location_zip": "", "location_capacity": 14}}, {"model": "database.location", "pk": 31, "fields": {"location_name": "Redmond Transit Center", "location_zip": "", "location_capacity": 12}}, {"model": "database.location", "pk": 32, "fields": {"location_name": "Renton - St Matthew's Lutheran Church", "location_zip": "", "location_capacity": 2}}, {"model": "database.location", "pk": 41, "fields": {"location_name": "Aurora Village Transit Center", "location_zip": "", "location_capacity": 4}}, {"model": "database.location", "pk": 42, "fields": {"location_name": "Test Location", "location_zip": "", "location_capacity": 4}}, {"model": "database.location", "pk": 43, "fields": {"location_name": "Issaquah Highlands Park & Ride", "location_zip": "", "location_capacity": 4}}, {"model": "database.location", "pk": 44, "fields": {"location_name": "Houghton Park & Ride", "location_zip": "", "location_capacity": 4}}, {"model": "database.location", "pk": 45, "fields": {"location_name": "South Kirkland Park & Ride", "location_zip": "", "location_capacity": 4}}, {"model": "database.location", "pk": 46, "fields": {"location_name": "South Sammamish Park & Ride", "location_zip": "", "location_capacity": 4}}, {"model": "database.location", "pk": 47, "fields": {"location_name": "Tukwila Park & Ride", "location_zip": "", "location_capacity": 6}}, {"model": "database.location", "pk": 48, "fields": {"location_name": "Vashon Island/Valley Center Park & Ride", "location_zip": "", "location_capacity": 4}}, {"model": "database.location", "pk": 49, "fields": {"location_name": "Woodinville Park & Ride", "location_zip": "", "location_capacity": 4}}, {"model": "database.location", "pk": 50, "fields": {"location_name": "Bear Creek P&R", "location_zip": "", "location_capacity": 0}}, {"model": "database.location_renewals", "pk": 1, "fields": {"location": 42, "date": "2020-03-18"}}, {"model": "database.location_renewals", "pk": 2, "fields": {"location": 17, "date": "2020-05-20"}}, {"model": "database.location_renewals", "pk": 3, "fields": {"location": 19, "date": "2020-05-12"}}, {"model": "database.location_renewals", "pk": 4, "fields": {"location": 20, "date": "2020-05-12"}}, {"model": "database.locker_status", "pk": 1, "fields": {"locker_status_name": "Available"}}, {"model": "database.locker_status", "pk": 2, "fields": {"locker_status_name": "In Progress"}}, {"model": "database.locker_status", "pk": 3, "fields": {"locker_status_name": "Leased"}}, {"model": "database.locker", "pk": 4, "fields": {"location_id": 17, "locker_name": "1", "locker_status_id": 3}}, {"model": "database.locker", "pk": 5, "fields": {"location_id": 17, "locker_name": "2", "locker_status_id": 1}}, {"model": "database.locker", "pk": 8, "fields": {"location_id": 17, "locker_name": "2", "locker_status_id": 1}}, {"model": "database.locker", "pk": 34, "fields": {"location_id": 41, "locker_name": "1", "locker_status_id": 3}}, {"model": "database.locker", "pk": 35, "fields": {"location_id": 41, "locker_name": "2", "locker_status_id": 3}}, {"model": "database.locker", "pk": 36, "fields": {"location_id": 41, "locker_name": "3", "locker_status_id": 3}}, {"model": "database.locker", "pk": 37, "fields": {"location_id": 41, "locker_name": "4", "locker_status_id": 3}}, {"model": "database.locker", "pk": 98, "fields": {"location_id": 19, "locker_name": "5", "locker_status_id": 3}}, {"model": "database.locker", "pk": 99, "fields": {"location_id": 19, "locker_name": "6", "locker_status_id": 3}}, {"model": "database.locker", "pk": 100, "fields": {"location_id": 19, "locker_name": "7", "locker_status_id": 3}}, {"model": "database.locker", "pk": 101, "fields": {"location_id": 19, "locker_name": "8", "locker_status_id": 3}}, {"model": "database.locker", "pk": 102, "fields": {"location_id": 19, "locker_name": "9", "locker_status_id": 1}}, {"model": "database.locker", "pk": 103, "fields": {"location_id": 19, "locker_name": "10", "locker_status_id": 3}}, {"model": "database.locker", "pk": 104, "fields": {"location_id": 19, "locker_name": "11", "locker_status_id": 3}}, {"model": "database.locker", "pk": 105, "fields": {"location_id": 19, "locker_name": "12", "locker_status_id": 3}}, {"model": "database.locker", "pk": 106, "fields": {"location_id": 19, "locker_name": "13", "locker_status_id": 3}}, {"model": "database.locker", "pk": 107, "fields": {"location_id": 19, "locker_name": "14", "locker_status_id": 3}}, {"model": "database.locker", "pk": 108, "fields": {"location_id": 19, "locker_name": "15", "locker_status_id": 3}}, {"model": "database.locker", "pk": 109, "fields": {"location_id": 19, "locker_name": "16", "locker_status_id": 3}}, {"model": "database.locker", "pk": 110, "fields": {"location_id": 42, "locker_name": "1", "locker_status_id": 3}}, {"model": "database.locker", "pk": 111, "fields": {"location_id": 42, "locker_name": "2", "locker_status_id": 3}}, {"model": "database.locker", "pk": 112, "fields": {"location_id": 50, "locker_name": "5", "locker_status_id": 3}}, {"model": "database.locker", "pk": 113, "fields": {"location_id": 50, "locker_name": "6", "locker_status_id": 3}}, {"model": "database.locker", "pk": 114, "fields": {"location_id": 50, "locker_name": "7", "locker_status_id": 3}}, {"model": "database.locker", "pk": 115, "fields": {"location_id": 50, "locker_name": "8", "locker_status_id": 3}}, {"model": "database.locker", "pk": 116, "fields": {"location_id": 50, "locker_name": "9", "locker_status_id": 3}}, {"model": "database.locker", "pk": 117, "fields": {"location_id": 50, "locker_name": "10", "locker_status_id": 3}}, {"model": "database.locker", "pk": 118, "fields": {"location_id": 50, "locker_name": "11", "locker_status_id": 3}}, {"model": "database.locker", "pk": 119, "fields": {"location_id": 50, "locker_name": "12", "locker_status_id": 3}}, {"model": "database.locker", "pk": 120, "fields": {"location_id": 50, "locker_name": "13", "locker_status_id": 3}}, {"model": "database.locker", "pk": 121, "fields": {"location_id": 50, "locker_name": "14", "locker_status_id": 3}}, {"model": "database.locker", "pk": 122, "fields": {"location_id": 50, "locker_name": "15", "locker_status_id": 3}}, {"model": "database.locker", "pk": 123, "fields": {"location_id": 50, "locker_name": "16", "locker_status_id": 3}}, {"model": "database.maintenance_type", "pk": 1, "fields": {"main_type_name": "Bike", "main_type_desc": "Bike"}}, {"model": "database.maintenance_status", "pk": 1, "fields": {"main_status_name": "Awaiting Response"}}, {"model": "database.maintenance_status", "pk": 2, "fields": {"main_status_name": "In Progress"}}, {"model": "database.maintenance_status", "pk": 3, "fields": {"main_status_name": "Complete"}}, {"model": "database.maintenance", "pk": 3, "fields": {"location_id": 17, "main_type_id": 1, "maintenance_scope": "General Facility", "maintenance_description": "Broken bike lock", "start_date": "2020-05-07", "end_date": null, "main_status_id": 2, "lockers": []}}, {"model": "database.status", "pk": 1, "fields": {"status_name": "Renewed", "status_desc": ""}}, {"model": "database.status", "pk": 2, "fields": {"status_name": "Not Renewing", "status_desc": ""}}, {"model": "database.status", "pk": 3, "fields": {"status_name": "Not Responded", "status_desc": ""}}, {"model": "database.status", "pk": 4, "fields": {"status_name": "Inactive", "status_desc": ""}}, {"model": "database.customer", "pk": 41, "fields": {"cust_f_name": "Rob", "cust_l_name": "Gendron", "cust_email": "kaweah@msn.com", "cust_phone": "2065505669", "cust_phone2": "", "cust_address": "239th PL SW", "cust_city": "Edmonds", "cust_state": "WA", "cust_zip": "98020", "status": 1}}, {"model": "database.customer", "pk": 42, "fields": {"cust_f_name": "Alex", "cust_l_name": "Ho", "cust_email": "Alexander.C.Ho@boeing.com", "cust_phone": "4802275774", "cust_phone2": "", "cust_address": "1836 NW 202nd St.", "cust_city": "Shoreline", "cust_state": "WA", "cust_zip": "98177", "status": 1}}, {"model": "database.customer", "pk": 43, "fields": {"cust_f_name": "Shaerna", "cust_l_name": "Safsten", "cust_email": "shaerna@gmail.com", "cust_phone": "3602245692", "cust_phone2": "", "cust_address": "4891 Katydid Court", "cust_city": "Freeland", "cust_state": "WA", "cust_zip": "98249", "status": 4}}, {"model": "database.customer", "pk": 44, "fields": {"cust_f_name": "Matthew", "cust_l_name": "Bell", "cust_email": "matthewbell43@yahoo.com", "cust_phone": "2067555558", "cust_phone2": "2067445584", "cust_address": "17161 Sealawn Dr.", "cust_city": "Edmonds", "cust_state": "WA", "cust_zip": "98026", "status": 4}}, {"model": "database.customer", "pk": 45, "fields": {"cust_f_name": "", "cust_l_name": "", "cust_email": "", "cust_phone": "", "cust_phone2": "", "cust_address": "", "cust_city": "", "cust_state": "", "cust_zip": "", "status": 3}}, {"model": "database.customer", "pk": 46, "fields": {"cust_f_name": "Stuart", "cust_l_name": "Smith", "cust_email": "stuart.n.smith@oracle.com", "cust_phone": "4256983496", "cust_phone2": "", "cust_address": "9232 219th Pl NE", "cust_city": "Redmond", "cust_state": "WA", "cust_zip": "908053", "status": 1}}, {"model": "database.customer", "pk": 47, "fields": {"cust_f_name": "Charlie", "cust_l_name": "Tinninghast", "cust_email": "charlie@factal.com", "cust_phone": "4257614065", "cust_phone2": "", "cust_address": "22404 NE 140th Way", "cust_city": "Woodinville", "cust_state": "WA", "cust_zip": "98077", "status": 1}}, {"model": "database.customer", "pk": 48, "fields": {"cust_f_name": "Tim", "cust_l_name": "Whelan", "cust_email": "twhelan@expedia.com", "cust_phone": "4257614599", "cust_phone2": "4256797931", "cust_address": "20110 NE 28th PL", "cust_city": "Sammamish", "cust_state": "WA", "cust_zip": "98074", "status": 1}}, {"model": "database.customer", "pk": 49, "fields": {"cust_f_name": "Tom", "cust_l_name": "Popovich", "cust_email": "tom.popovich@gmail.com", "cust_phone": "4258691118", "cust_phone2": "", "cust_address": "18506 NE 100th Ct", "cust_city": "Redmond", "cust_state": "WA", "cust_zip": "98052", "status": 1}}, {"model": "database.customer", "pk": 50, "fields": {"cust_f_name": "Manuel", "cust_l_name": "Soto", "cust_email": "soto.manuel@mobility-walkability.com", "cust_phone": "4259968400", "cust_phone2": "2065081653", "cust_address": "1604 216th Ave NE", "cust_city": "Sammamish", "cust_state": "WA", "cust_zip": "98074", "status": 1}}, {"model": "database.customer", "pk": 51, "fields": {"cust_f_name": "Sean", "cust_l_name": "Maginness", "cust_email": "maginness@gmail.com", "cust_phone": "4254441038", "cust_phone2": "4254441038", "cust_address": "32869 NE 52nd St.", "cust_city": "Carnation", "cust_state": "WA", "cust_zip": "98014", "status": 1}}, {"model": "database.customer", "pk": 52, "fields": {"cust_f_name": "Galen", "cust_l_name": "Knapp", "cust_email": "galenknapp@gmail.com", "cust_phone": "4255770756", "cust_phone2": "", "cust_address": "18728 NE 116th St", "cust_city": "Redmond", "cust_state": "WA", "cust_zip": "98052", "status": 1}}, {"model": "database.customer", "pk": 53, "fields": {"cust_f_name": "Zot", "cust_l_name": "O'Connor", "cust_email": "zot@zotconsulting.com", "cust_phone": "5037049792", "cust_phone2": "", "cust_address": "11917 - 278th Ave NE", "cust_city": "Duvall", "cust_state": "WA", "cust_zip": "98019", "status": 1}}, {"model": "database.customer", "pk": 54, "fields": {"cust_f_name": "Alessandro", "cust_l_name": "Lou", "cust_email": "alemau@uw.edu", "cust_phone": "8025605937", "cust_phone2": "", "cust_address": "4407 1st Ave NE", "cust_city": "Seattle", "cust_state": "WA", "cust_zip": "98105", "status": 1}}, {"model": "database.customer", "pk": 55, "fields": {"cust_f_name": "Richard", "cust_l_name": "York", "cust_email": "rickyork33@gmail.com", "cust_phone": "2064322677", "cust_phone2": "", "cust_address": "77 South Washington Street", "cust_city": "Seattle", "cust_state": "WA", "cust_zip": "98104", "status": 1}}, {"model": "database.customer", "pk": 56, "fields": {"cust_f_name": "Kathy", "cust_l_name": "Tran", "cust_email": "ktran@uw.edu", "cust_phone": "2064322677", "cust_phone2": "", "cust_address": "123 15th Ave E", "cust_city": "Seattle", "cust_state": "WA", "cust_zip": "98105", "status": 4}}, {"model": "database.customer", "pk": 57, "fields": {"cust_f_name": "Marlina", "cust_l_name": "Hayes", "cust_email": "mhayes@uw.edu", "cust_phone": "2065947889", "cust_phone2": "", "cust_address": "909 13th ave E", "cust_city": "Seattle", "cust_state": "WA", "cust_zip": "98102", "status": 1}}, {"model": "database.customer", "pk": 58, "fields": {"cust_f_name": "Marlina", "cust_l_name": "Hay", "cust_email": "mhayes@uw.edu", "cust_phone": "2065947889", "cust_phone2": "", "cust_address": "909 13th ave E", "cust_city": "Seattle", "cust_state": "WA", "cust_zip": "98102", "status": 1}}, {"model": "database.customer", "pk": 59, "fields": {"cust_f_name": "Stuart", "cust_l_name": "Smith", "cust_email": "stuart.n.smith@oracle.com", "cust_phone": "4256983496", "cust_phone2": "", "cust_address": "9232 219th Pl NE", "cust_city": "Redmond", "cust_state": "WA 908053", "cust_zip": "", "status": 1}}, {"model": "database.customer", "pk": 60, "fields": {"cust_f_name": "Manuel", "cust_l_name": "Soto", "cust_email": "soto.manuel@mobility-walkability.com", "cust_phone": "4259968400", "cust_phone2": "2065081653", "cust_address": "1604 216th Ave NE", "cust_city": "Sammamish", "cust_state": "WA", "cust_zip": "98074`````", "status": 1}}, {"model": "database.cust_locker", "pk": 40, "fields": {"cust_id": 41, "locker_id": 34, "contract_date": "2010-01-13", "location_renewal": 2, "description": "152AA.2", "contacted": "No Contact", "renew_date": ""}}, {"model": "database.cust_locker", "pk": 41, "fields": {"cust_id": 42, "locker_id": 35, "contract_date": "2013-09-16", "location_renewal": 2, "description": "143AA.2", "contacted": "No", "renew_date": "2020-05-11"}}, {"model": "database.cust_locker", "pk": 92, "fields": {"cust_id": 46, "locker_id": 99, "contract_date": "2019-05-22", "location_renewal": 3, "description": "Leased", "contacted": "No", "renew_date": "2020-05-11"}}, {"model": "database.cust_locker", "pk": 93, "fields": {"cust_id": 47, "locker_id": 101, "contract_date": "2018-11-02", "location_renewal": 3, "description": "Leased", "contacted": "No", "renew_date": "2020-05-11"}}, {"model": "database.cust_locker", "pk": 94, "fields": {"cust_id": 48, "locker_id": 102, "contract_date": "2017-06-27", "location_renewal": 3, "description": "Leased", "contacted": "No", "renew_date": "2020-05-11"}}, {"model": "database.cust_locker", "pk": 95, "fields": {"cust_id": 49, "locker_id": 103, "contract_date": "2015-06-16", "location_renewal": 3, "description": "Leased", "contacted": "No", "renew_date": "2020-05-11"}}, {"model": "database.cust_locker", "pk": 96, "fields": {"cust_id": 50, "locker_id": 104, "contract_date": "2018-06-11", "location_renewal": 3, "description": "Leased", "contacted": "No", "renew_date": "2020-05-11"}}, {"model": "database.cust_locker", "pk": 97, "fields": {"cust_id": 51, "locker_id": 105, "contract_date": "2019-01-23", "location_renewal": 2, "description": "leased", "contacted": "No", "renew_date": "2020-05-11"}}, {"model": "database.cust_locker", "pk": 98, "fields": {"cust_id": 52, "locker_id": 108, "contract_date": "2019-09-16", "location_renewal": 3, "description": "Leased", "contacted": "No Contact", "renew_date": ""}}, {"model": "database.cust_locker", "pk": 99, "fields": {"cust_id": 53, "locker_id": 109, "contract_date": "2014-12-10", "location_renewal": 3, "description": "Leased", "contacted": "No", "renew_date": "2020-05-11"}}, {"model": "database.cust_locker", "pk": 101, "fields": {"cust_id": 55, "locker_id": 4, "contract_date": "2020-05-12", "location_renewal": 2, "description": "", "contacted": "No", "renew_date": "2020-05-12"}}, {"model": "database.cust_locker", "pk": 103, "fields": {"cust_id": 54, "locker_id": 111, "contract_date": "2020-05-12", "location_renewal": 1, "description": "", "contacted": "Second Contact", "renew_date": "2020-05-12"}}, {"model": "database.cust_locker", "pk": 104, "fields": {"cust_id": 58, "locker_id": 98, "contract_date": "2020-05-12", "location_renewal": 3, "description": "", "contacted": "No Contact", "renew_date": ""}}, {"model": "database.cust_locker", "pk": 105, "fields": {"cust_id": 59, "locker_id": 113, "contract_date": "2019-05-22", "location_renewal": null, "description": "Leased", "contacted": "No", "renew_date": ""}}, {"model": "database.cust_locker", "pk": 106, "fields": {"cust_id": 47, "locker_id": 115, "contract_date": "2018-11-02", "location_renewal": null, "description": "Leased", "contacted": "No", "renew_date": ""}}, {"model": "database.cust_locker", "pk": 107, "fields": {"cust_id": 48, "locker_id": 116, "contract_date": "2017-06-27", "location_renewal": null, "description": "Leased", "contacted": "No", "renew_date": ""}}, {"model": "database.cust_locker", "pk": 108, "fields": {"cust_id": 49, "locker_id": 117, "contract_date": "2015-06-16", "location_renewal": null, "description": "Leased", "contacted": "No", "renew_date": ""}}, {"model": "database.cust_locker", "pk": 109, "fields": {"cust_id": 60, "locker_id": 118, "contract_date": "2018-06-11", "location_renewal": null, "description": "Leased", "contacted": "No", "renew_date": ""}}, {"model": "database.cust_locker", "pk": 110, "fields": {"cust_id": 51, "locker_id": 119, "contract_date": "2019-01-23", "location_renewal": null, "description": "leased", "contacted": "No", "renew_date": ""}}, {"model": "database.cust_locker", "pk": 111, "fields": {"cust_id": 52, "locker_id": 122, "contract_date": "2019-09-16", "location_renewal": null, "description": "Leased", "contacted": "No", "renew_date": ""}}, {"model": "database.cust_locker", "pk": 112, "fields": {"cust_id": 53, "locker_id": 123, "contract_date": "2014-12-10", "location_renewal": null, "description": "Leased", "contacted": "No", "renew_date": ""}}, {"model": "database.renewal_form", "pk": 1, "fields": {"email": "alemau@uw.edu", "name_lease": "Alessandro M Lou", "mailing_address": "4407 1st Ave NE", "phone": "8025605937", "location": "auburn", "locker_number": "3", "locker_usage": "0-1", "renewal_decision": "Yes", "feedback": "adsf"}}, {"model": "database.renewal_form", "pk": 2, "fields": {"email": "alemau@uw.edu", "name_lease": "Alessandro M Lou", "mailing_address": "4407 1st Ave NE", "phone": "8025605937", "location": "auburn", "locker_number": "3", "locker_usage": "0-1", "renewal_decision": "Yes", "feedback": "adsf"}}, {"model": "database.renewal_form", "pk": 3, "fields": {"email": "alemau@uw.edu", "name_lease": "Alessandro M Lou", "mailing_address": "4407 1st Ave NE", "phone": "8025605937", "location": "Aurora", "locker_number": "1", "locker_usage": "1-2", "renewal_decision": "No", "feedback": "Feedback"}}, {"model": "contenttypes.contenttype", "fields": {"app_label": "database", "model": "cust_locker"}}, {"model": "contenttypes.contenttype", "fields": {"app_label": "database", "model": "customer"}}, {"model": "contenttypes.contenttype", "fields": {"app_label": "database", "model": "key_status"}}, {"model": "contenttypes.contenttype", "fields": {"app_label": "database", "model": "location"}}, {"model": "contenttypes.contenttype", "fields": {"app_label": "database", "model": "locker"}}, {"model": "contenttypes.contenttype", "fields": {"app_label": "database", "model": "locker_status"}}, {"model": "contenttypes.contenttype", "fields": {"app_label": "database", "model": "maintenance_status"}}, {"model": "contenttypes.contenttype", "fields": {"app_label": "database", "model": "maintenance_type"}}, {"model": "contenttypes.contenttype", "fields": {"app_label": "database", "model": "status"}}, {"model": "contenttypes.contenttype", "fields": {"app_label": "database", "model": "waitlist"}}, {"model": "contenttypes.contenttype", "fields": {"app_label": "database", "model": "maintenance"}}, {"model": "contenttypes.contenttype", "fields": {"app_label": "database", "model": "key"}}, {"model": "contenttypes.contenttype", "fields": {"app_label": "database", "model": "inquiry"}}, {"model": "contenttypes.contenttype", "fields": {"app_label": "database", "model": "cust_status"}}, {"model": "contenttypes.contenttype", "fields": {"app_label": "database", "model": "renewal_response"}}, {"model": "contenttypes.contenttype", "fields": {"app_label": "database", "model": "renewal"}}, {"model": "contenttypes.contenttype", "fields": {"app_label": "database", "model": "locker_usage"}}, {"model": "contenttypes.contenttype", "fields": {"app_label": "database", "model": "staff"}}, {"model": "contenttypes.contenttype", "fields": {"app_label": "database", "model": "locker_log"}}, {"model": "contenttypes.contenttype", "fields": {"app_label": "admin", "model": "logentry"}}, {"model": "contenttypes.contenttype", "fields": {"app_label": "auth", "model": "permission"}}, {"model": "contenttypes.contenttype", "fields": {"app_label": "auth", "model": "group"}}, {"model": "contenttypes.contenttype", "fields": {"app_label": "auth", "model": "user"}}, {"model": "contenttypes.contenttype", "fields": {"app_label": "contenttypes", "model": "contenttype"}}, {"model": "contenttypes.contenttype", "fields": {"app_label": "sessions", "model": "session"}}, {"model": "contenttypes.contenttype", "fields": {"app_label": "database", "model": "renewal_form"}}, {"model": "contenttypes.contenttype", "fields": {"app_label": "database", "model": "location_renew"}}, {"model": "contenttypes.contenttype", "fields": {"app_label": "database", "model": "location_renewals"}}, {"model": "sessions.session", "pk": "4gc0ad7zvzls3nkquigjrs90mnp0m6oq", "fields": {"session_data": "ZTUyNGUyMjIyN2QwYTRlYzgwNWQ4ZTU0NmExMDY4YjUzOTBjODEzYjp7Il9hdXRoX3VzZXJfaWQiOiIxIiwiX2F1dGhfdXNlcl9iYWNrZW5kIjoiZGphbmdvLmNvbnRyaWIuYXV0aC5iYWNrZW5kcy5Nb2RlbEJhY2tlbmQiLCJfYXV0aF91c2VyX2hhc2giOiJiOTQ3NWZiN2YwMzJmODU1ZWQ4ODc1NmFiYWU5NWI4ODI1OTYyYmY2In0=", "expire_date": "2020-05-21T03:42:02.972Z"}}, {"model": "sessions.session", "pk": "8n74qg8nxhxuyrbeffoofbnjm7j832gm", "fields": {"session_data": "ZTUyNGUyMjIyN2QwYTRlYzgwNWQ4ZTU0NmExMDY4YjUzOTBjODEzYjp7Il9hdXRoX3VzZXJfaWQiOiIxIiwiX2F1dGhfdXNlcl9iYWNrZW5kIjoiZGphbmdvLmNvbnRyaWIuYXV0aC5iYWNrZW5kcy5Nb2RlbEJhY2tlbmQiLCJfYXV0aF91c2VyX2hhc2giOiJiOTQ3NWZiN2YwMzJmODU1ZWQ4ODc1NmFiYWU5NWI4ODI1OTYyYmY2In0=", "expire_date": "2020-05-26T22:43:10.121Z"}}, {"model": "sessions.session", "pk": "as8zhmmvufwlpbqcha43oe0rkbhtxp25", "fields": {"session_data": "ZTUyNGUyMjIyN2QwYTRlYzgwNWQ4ZTU0NmExMDY4YjUzOTBjODEzYjp7Il9hdXRoX3VzZXJfaWQiOiIxIiwiX2F1dGhfdXNlcl9iYWNrZW5kIjoiZGphbmdvLmNvbnRyaWIuYXV0aC5iYWNrZW5kcy5Nb2RlbEJhY2tlbmQiLCJfYXV0aF91c2VyX2hhc2giOiJiOTQ3NWZiN2YwMzJmODU1ZWQ4ODc1NmFiYWU5NWI4ODI1OTYyYmY2In0=", "expire_date": "2020-05-26T23:14:53.891Z"}}, {"model": "sessions.session", "pk": "k0nfd7c7gkb61yb84fqjge86wts1hjwc", "fields": {"session_data": "ZTUyNGUyMjIyN2QwYTRlYzgwNWQ4ZTU0NmExMDY4YjUzOTBjODEzYjp7Il9hdXRoX3VzZXJfaWQiOiIxIiwiX2F1dGhfdXNlcl9iYWNrZW5kIjoiZGphbmdvLmNvbnRyaWIuYXV0aC5iYWNrZW5kcy5Nb2RlbEJhY2tlbmQiLCJfYXV0aF91c2VyX2hhc2giOiJiOTQ3NWZiN2YwMzJmODU1ZWQ4ODc1NmFiYWU5NWI4ODI1OTYyYmY2In0=", "expire_date": "2020-05-26T22:43:28.701Z"}}, {"model": "auth.permission", "fields": {"name": "Can add Customer Locker", "content_type": ["database", "cust_locker"], "codename": "add_cust_locker"}}, {"model": "auth.permission", "fields": {"name": "Can change Customer Locker", "content_type": ["database", "cust_locker"], "codename": "change_cust_locker"}}, {"model": "auth.permission", "fields": {"name": "Can delete Customer Locker", "content_type": ["database", "cust_locker"], "codename": "delete_cust_locker"}}, {"model": "auth.permission", "fields": {"name": "Can view Customer Locker", "content_type": ["database", "cust_locker"], "codename": "view_cust_locker"}}, {"model": "auth.permission", "fields": {"name": "Can add customer", "content_type": ["database", "customer"], "codename": "add_customer"}}, {"model": "auth.permission", "fields": {"name": "Can change customer", "content_type": ["database", "customer"], "codename": "change_customer"}}, {"model": "auth.permission", "fields": {"name": "Can delete customer", "content_type": ["database", "customer"], "codename": "delete_customer"}}, {"model": "auth.permission", "fields": {"name": "Can view customer", "content_type": ["database", "customer"], "codename": "view_customer"}}, {"model": "auth.permission", "fields": {"name": "Can add Key Status", "content_type": ["database", "key_status"], "codename": "add_key_status"}}, {"model": "auth.permission", "fields": {"name": "Can change Key Status", "content_type": ["database", "key_status"], "codename": "change_key_status"}}, {"model": "auth.permission", "fields": {"name": "Can delete Key Status", "content_type": ["database", "key_status"], "codename": "delete_key_status"}}, {"model": "auth.permission", "fields": {"name": "Can view Key Status", "content_type": ["database", "key_status"], "codename": "view_key_status"}}, {"model": "auth.permission", "fields": {"name": "Can add location", "content_type": ["database", "location"], "codename": "add_location"}}, {"model": "auth.permission", "fields": {"name": "Can change location", "content_type": ["database", "location"], "codename": "change_location"}}, {"model": "auth.permission", "fields": {"name": "Can delete location", "content_type": ["database", "location"], "codename": "delete_location"}}, {"model": "auth.permission", "fields": {"name": "Can view location", "content_type": ["database", "location"], "codename": "view_location"}}, {"model": "auth.permission", "fields": {"name": "Can add locker", "content_type": ["database", "locker"], "codename": "add_locker"}}, {"model": "auth.permission", "fields": {"name": "Can change locker", "content_type": ["database", "locker"], "codename": "change_locker"}}, {"model": "auth.permission", "fields": {"name": "Can delete locker", "content_type": ["database", "locker"], "codename": "delete_locker"}}, {"model": "auth.permission", "fields": {"name": "Can view locker", "content_type": ["database", "locker"], "codename": "view_locker"}}, {"model": "auth.permission", "fields": {"name": "Can add Locker Status", "content_type": ["database", "locker_status"], "codename": "add_locker_status"}}, {"model": "auth.permission", "fields": {"name": "Can change Locker Status", "content_type": ["database", "locker_status"], "codename": "change_locker_status"}}, {"model": "auth.permission", "fields": {"name": "Can delete Locker Status", "content_type": ["database", "locker_status"], "codename": "delete_locker_status"}}, {"model": "auth.permission", "fields": {"name": "Can view Locker Status", "content_type": ["database", "locker_status"], "codename": "view_locker_status"}}, {"model": "auth.permission", "fields": {"name": "Can add Maintenance Status", "content_type": ["database", "maintenance_status"], "codename": "add_maintenance_status"}}, {"model": "auth.permission", "fields": {"name": "Can change Maintenance Status", "content_type": ["database", "maintenance_status"], "codename": "change_maintenance_status"}}, {"model": "auth.permission", "fields": {"name": "Can delete Maintenance Status", "content_type": ["database", "maintenance_status"], "codename": "delete_maintenance_status"}}, {"model": "auth.permission", "fields": {"name": "Can view Maintenance Status", "content_type": ["database", "maintenance_status"], "codename": "view_maintenance_status"}}, {"model": "auth.permission", "fields": {"name": "Can add Maintenance Type", "content_type": ["database", "maintenance_type"], "codename": "add_maintenance_type"}}, {"model": "auth.permission", "fields": {"name": "Can change Maintenance Type", "content_type": ["database", "maintenance_type"], "codename": "change_maintenance_type"}}, {"model": "auth.permission", "fields": {"name": "Can delete Maintenance Type", "content_type": ["database", "maintenance_type"], "codename": "delete_maintenance_type"}}, {"model": "auth.permission", "fields": {"name": "Can view Maintenance Type", "content_type": ["database", "maintenance_type"], "codename": "view_maintenance_type"}}, {"model": "auth.permission", "fields": {"name": "Can add status", "content_type": ["database", "status"], "codename": "add_status"}}, {"model": "auth.permission", "fields": {"name": "Can change status", "content_type": ["database", "status"], "codename": "change_status"}}, {"model": "auth.permission", "fields": {"name": "Can delete status", "content_type": ["database", "status"], "codename": "delete_status"}}, {"model": "auth.permission", "fields": {"name": "Can view status", "content_type": ["database", "status"], "codename": "view_status"}}, {"model": "auth.permission", "fields": {"name": "Can add Waitlist", "content_type": ["database", "waitlist"], "codename": "add_waitlist"}}, {"model": "auth.permission", "fields": {"name": "Can change Waitlist", "content_type": ["database", "waitlist"], "codename": "change_waitlist"}}, {"model": "auth.permission", "fields": {"name": "Can delete Waitlist", "content_type": ["database", "waitlist"], "codename": "delete_waitlist"}}, {"model": "auth.permission", "fields": {"name": "Can view Waitlist", "content_type": ["database", "waitlist"], "codename": "view_waitlist"}}, {"model": "auth.permission", "fields": {"name": "Can add maintenance", "content_type": ["database", "maintenance"], "codename": "add_maintenance"}}, {"model": "auth.permission", "fields": {"name": "Can change maintenance", "content_type": ["database", "maintenance"], "codename": "change_maintenance"}}, {"model": "auth.permission", "fields": {"name": "Can delete maintenance", "content_type": ["database", "maintenance"], "codename": "delete_maintenance"}}, {"model": "auth.permission", "fields": {"name": "Can view maintenance", "content_type": ["database", "maintenance"], "codename": "view_maintenance"}}, {"model": "auth.permission", "fields": {"name": "Can add key", "content_type": ["database", "key"], "codename": "add_key"}}, {"model": "auth.permission", "fields": {"name": "Can change key", "content_type": ["database", "key"], "codename": "change_key"}}, {"model": "auth.permission", "fields": {"name": "Can delete key", "content_type": ["database", "key"], "codename": "delete_key"}}, {"model": "auth.permission", "fields": {"name": "Can view key", "content_type": ["database", "key"], "codename": "view_key"}}, {"model": "auth.permission", "fields": {"name": "Can add Inquiry", "content_type": ["database", "inquiry"], "codename": "add_inquiry"}}, {"model": "auth.permission", "fields": {"name": "Can change Inquiry", "content_type": ["database", "inquiry"], "codename": "change_inquiry"}}, {"model": "auth.permission", "fields": {"name": "Can delete Inquiry", "content_type": ["database", "inquiry"], "codename": "delete_inquiry"}}, {"model": "auth.permission", "fields": {"name": "Can view Inquiry", "content_type": ["database", "inquiry"], "codename": "view_inquiry"}}, {"model": "auth.permission", "fields": {"name": "Can add Customer Status", "content_type": ["database", "cust_status"], "codename": "add_cust_status"}}, {"model": "auth.permission", "fields": {"name": "Can change Customer Status", "content_type": ["database", "cust_status"], "codename": "change_cust_status"}}, {"model": "auth.permission", "fields": {"name": "Can delete Customer Status", "content_type": ["database", "cust_status"], "codename": "delete_cust_status"}}, {"model": "auth.permission", "fields": {"name": "Can view Customer Status", "content_type": ["database", "cust_status"], "codename": "view_cust_status"}}, {"model": "auth.permission", "fields": {"name": "Can add renewal_ response", "content_type": ["database", "renewal_response"], "codename": "add_renewal_response"}}, {"model": "auth.permission", "fields": {"name": "Can change renewal_ response", "content_type": ["database", "renewal_response"], "codename": "change_renewal_response"}}, {"model": "auth.permission", "fields": {"name": "Can delete renewal_ response", "content_type": ["database", "renewal_response"], "codename": "delete_renewal_response"}}, {"model": "auth.permission", "fields": {"name": "Can view renewal_ response", "content_type": ["database", "renewal_response"], "codename": "view_renewal_response"}}, {"model": "auth.permission", "fields": {"name": "Can add renewal", "content_type": ["database", "renewal"], "codename": "add_renewal"}}, {"model": "auth.permission", "fields": {"name": "Can change renewal", "content_type": ["database", "renewal"], "codename": "change_renewal"}}, {"model": "auth.permission", "fields": {"name": "Can delete renewal", "content_type": ["database", "renewal"], "codename": "delete_renewal"}}, {"model": "auth.permission", "fields": {"name": "Can view renewal", "content_type": ["database", "renewal"], "codename": "view_renewal"}}, {"model": "auth.permission", "fields": {"name": "Can add locker_ usage", "content_type": ["database", "locker_usage"], "codename": "add_locker_usage"}}, {"model": "auth.permission", "fields": {"name": "Can change locker_ usage", "content_type": ["database", "locker_usage"], "codename": "change_locker_usage"}}, {"model": "auth.permission", "fields": {"name": "Can delete locker_ usage", "content_type": ["database", "locker_usage"], "codename": "delete_locker_usage"}}, {"model": "auth.permission", "fields": {"name": "Can view locker_ usage", "content_type": ["database", "locker_usage"], "codename": "view_locker_usage"}}, {"model": "auth.permission", "fields": {"name": "Can add staff", "content_type": ["database", "staff"], "codename": "add_staff"}}, {"model": "auth.permission", "fields": {"name": "Can change staff", "content_type": ["database", "staff"], "codename": "change_staff"}}, {"model": "auth.permission", "fields": {"name": "Can delete staff", "content_type": ["database", "staff"], "codename": "delete_staff"}}, {"model": "auth.permission", "fields": {"name": "Can view staff", "content_type": ["database", "staff"], "codename": "view_staff"}}, {"model": "auth.permission", "fields": {"name": "Can add Locker Log", "content_type": ["database", "locker_log"], "codename": "add_locker_log"}}, {"model": "auth.permission", "fields": {"name": "Can change Locker Log", "content_type": ["database", "locker_log"], "codename": "change_locker_log"}}, {"model": "auth.permission", "fields": {"name": "Can delete Locker Log", "content_type": ["database", "locker_log"], "codename": "delete_locker_log"}}, {"model": "auth.permission", "fields": {"name": "Can view Locker Log", "content_type": ["database", "locker_log"], "codename": "view_locker_log"}}, {"model": "auth.permission", "fields": {"name": "Can add log entry", "content_type": ["admin", "logentry"], "codename": "add_logentry"}}, {"model": "auth.permission", "fields": {"name": "Can change log entry", "content_type": ["admin", "logentry"], "codename": "change_logentry"}}, {"model": "auth.permission", "fields": {"name": "Can delete log entry", "content_type": ["admin", "logentry"], "codename": "delete_logentry"}}, {"model": "auth.permission", "fields": {"name": "Can view log entry", "content_type": ["admin", "logentry"], "codename": "view_logentry"}}, {"model": "auth.permission", "fields": {"name": "Can add permission", "content_type": ["auth", "permission"], "codename": "add_permission"}}, {"model": "auth.permission", "fields": {"name": "Can change permission", "content_type": ["auth", "permission"], "codename": "change_permission"}}, {"model": "auth.permission", "fields": {"name": "Can delete permission", "content_type": ["auth", "permission"], "codename": "delete_permission"}}, {"model": "auth.permission", "fields": {"name": "Can view permission", "content_type": ["auth", "permission"], "codename": "view_permission"}}, {"model": "auth.permission", "fields": {"name": "Can add group", "content_type": ["auth", "group"], "codename": "add_group"}}, {"model": "auth.permission", "fields": {"name": "Can change group", "content_type": ["auth", "group"], "codename": "change_group"}}, {"model": "auth.permission", "fields": {"name": "Can delete group", "content_type": ["auth", "group"], "codename": "delete_group"}}, {"model": "auth.permission", "fields": {"name": "Can view group", "content_type": ["auth", "group"], "codename": "view_group"}}, {"model": "auth.permission", "fields": {"name": "Can add user", "content_type": ["auth", "user"], "codename": "add_user"}}, {"model": "auth.permission", "fields": {"name": "Can change user", "content_type": ["auth", "user"], "codename": "change_user"}}, {"model": "auth.permission", "fields": {"name": "Can delete user", "content_type": ["auth", "user"], "codename": "delete_user"}}, {"model": "auth.permission", "fields": {"name": "Can view user", "content_type": ["auth", "user"], "codename": "view_user"}}, {"model": "auth.permission", "fields": {"name": "Can add content type", "content_type": ["contenttypes", "contenttype"], "codename": "add_contenttype"}}, {"model": "auth.permission", "fields": {"name": "Can change content type", "content_type": ["contenttypes", "contenttype"], "codename": "change_contenttype"}}, {"model": "auth.permission", "fields": {"name": "Can delete content type", "content_type": ["contenttypes", "contenttype"], "codename": "delete_contenttype"}}, {"model": "auth.permission", "fields": {"name": "Can view content type", "content_type": ["contenttypes", "contenttype"], "codename": "view_contenttype"}}, {"model": "auth.permission", "fields": {"name": "Can add session", "content_type": ["sessions", "session"], "codename": "add_session"}}, {"model": "auth.permission", "fields": {"name": "Can change session", "content_type": ["sessions", "session"], "codename": "change_session"}}, {"model": "auth.permission", "fields": {"name": "Can delete session", "content_type": ["sessions", "session"], "codename": "delete_session"}}, {"model": "auth.permission", "fields": {"name": "Can view session", "content_type": ["sessions", "session"], "codename": "view_session"}}, {"model": "auth.permission", "fields": {"name": "Can add renewal_ form", "content_type": ["database", "renewal_form"], "codename": "add_renewal_form"}}, {"model": "auth.permission", "fields": {"name": "Can change renewal_ form", "content_type": ["database", "renewal_form"], "codename": "change_renewal_form"}}, {"model": "auth.permission", "fields": {"name": "Can delete renewal_ form", "content_type": ["database", "renewal_form"], "codename": "delete_renewal_form"}}, {"model": "auth.permission", "fields": {"name": "Can view renewal_ form", "content_type": ["database", "renewal_form"], "codename": "view_renewal_form"}}, {"model": "auth.permission", "fields": {"name": "Can add location_ renew", "content_type": ["database", "location_renew"], "codename": "add_location_renew"}}, {"model": "auth.permission", "fields": {"name": "Can change location_ renew", "content_type": ["database", "location_renew"], "codename": "change_location_renew"}}, {"model": "auth.permission", "fields": {"name": "Can delete location_ renew", "content_type": ["database", "location_renew"], "codename": "delete_location_renew"}}, {"model": "auth.permission", "fields": {"name": "Can view location_ renew", "content_type": ["database", "location_renew"], "codename": "view_location_renew"}}, {"model": "auth.permission", "fields": {"name": "Can add location_ renewals", "content_type": ["database", "location_renewals"], "codename": "add_location_renewals"}}, {"model": "auth.permission", "fields": {"name": "Can change location_ renewals", "content_type": ["database", "location_renewals"], "codename": "change_location_renewals"}}, {"model": "auth.permission", "fields": {"name": "Can delete location_ renewals", "content_type": ["database", "location_renewals"], "codename": "delete_location_renewals"}}, {"model": "auth.permission", "fields": {"name": "Can view location_ renewals", "content_type": ["database", "location_renewals"], "codename": "view_location_renewals"}}, {"model": "auth.user", "fields": {"password": "pbkdf2_sha256$180000$HeskJkOoy66B$qKHXBy6AsvAJGwFDcAdgJb5Np+WreT3EjiIZnFm/wi4=", "last_login": "2020-05-12T23:14:53.884Z", "is_superuser": true, "username": "admin", "first_name": "", "last_name": "", "email": "admin@admin.com", "is_staff": true, "is_active": true, "date_joined": "2020-05-07T03:40:41.719Z", "groups": [], "user_permissions": []}}, {"model": "admin.logentry", "pk": 1, "fields": {"action_time": "2020-05-07T03:42:45.752Z", "user": ["admin"], "content_type": ["database", "status"], "object_id": "1", "object_repr": "Renewed", "action_flag": 1, "change_message": "[{\"added\": {}}]"}}, {"model": "admin.logentry", "pk": 2, "fields": {"action_time": "2020-05-07T03:43:03.862Z", "user": ["admin"], "content_type": ["database", "status"], "object_id": "2", "object_repr": "Not Renewing", "action_flag": 1, "change_message": "[{\"added\": {}}]"}}, {"model": "admin.logentry", "pk": 3, "fields": {"action_time": "2020-05-07T03:43:08.174Z", "user": ["admin"], "content_type": ["database", "status"], "object_id": "3", "object_repr": "Not Responded", "action_flag": 1, "change_message": "[{\"added\": {}}]"}}, {"model": "admin.logentry", "pk": 4, "fields": {"action_time": "2020-05-07T03:43:10.453Z", "user": ["admin"], "content_type": ["database", "status"], "object_id": "4", "object_repr": "Inactive", "action_flag": 1, "change_message": "[{\"added\": {}}]"}}, {"model": "admin.logentry", "pk": 5, "fields": {"action_time": "2020-05-07T03:43:53.200Z", "user": ["admin"], "content_type": ["database", "location"], "object_id": "1", "object_repr": "Auburn P&R", "action_flag": 1, "change_message": "[{\"added\": {}}]"}}, {"model": "admin.logentry", "pk": 6, "fields": {"action_time": "2020-05-07T03:44:19.341Z", "user": ["admin"], "content_type": ["database", "location"], "object_id": "2", "object_repr": "Aurora Village TC", "action_flag": 1, "change_message": "[{\"added\": {}}]"}}, {"model": "admin.logentry", "pk": 7, "fields": {"action_time": "2020-05-07T03:44:34.276Z", "user": ["admin"], "content_type": ["database", "location"], "object_id": "3", "object_repr": "Bear Creek P&R", "action_flag": 1, "change_message": "[{\"added\": {}}]"}}, {"model": "admin.logentry", "pk": 8, "fields": {"action_time": "2020-05-07T03:44:52.144Z", "user": ["admin"], "content_type": ["database", "location"], "object_id": "4", "object_repr": "Brickyard Road P&R", "action_flag": 1, "change_message": "[{\"added\": {}}]"}}, {"model": "admin.logentry", "pk": 9, "fields": {"action_time": "2020-05-07T03:45:13.549Z", "user": ["admin"], "content_type": ["database", "location"], "object_id": "5", "object_repr": "Burien TC", "action_flag": 1, "change_message": "[{\"added\": {}}]"}}, {"model": "admin.logentry", "pk": 10, "fields": {"action_time": "2020-05-07T03:45:33.237Z", "user": ["admin"], "content_type": ["database", "location"], "object_id": "6", "object_repr": "Eastgate P&R", "action_flag": 1, "change_message": "[{\"added\": {}}]"}}, {"model": "admin.logentry", "pk": 11, "fields": {"action_time": "2020-05-07T03:45:56.219Z", "user": ["admin"], "content_type": ["database", "location"], "object_id": "7", "object_repr": "Federal Way/S 320th St P&R", "action_flag": 1, "change_message": "[{\"added\": {}}]"}}, {"model": "admin.logentry", "pk": 12, "fields": {"action_time": "2020-05-07T03:46:09.600Z", "user": ["admin"], "content_type": ["database", "location"], "object_id": "8", "object_repr": "Greenlake P&R", "action_flag": 1, "change_message": "[{\"added\": {}}]"}}, {"model": "admin.logentry", "pk": 13, "fields": {"action_time": "2020-05-07T03:46:39.988Z", "user": ["admin"], "content_type": ["database", "location"], "object_id": "9", "object_repr": "Issaquah Highlands P&R", "action_flag": 1, "change_message": "[{\"added\": {}}]"}}, {"model": "admin.logentry", "pk": 14, "fields": {"action_time": "2020-05-07T03:47:10.529Z", "user": ["admin"], "content_type": ["database", "location"], "object_id": "10", "object_repr": "Kenmore P&R", "action_flag": 1, "change_message": "[{\"added\": {}}]"}}, {"model": "admin.logentry", "pk": 15, "fields": {"action_time": "2020-05-07T03:47:24.735Z", "user": ["admin"], "content_type": ["database", "location"], "object_id": "11", "object_repr": "Kent/James St P&R", "action_flag": 1, "change_message": "[{\"added\": {}}]"}}, {"model": "admin.logentry", "pk": 16, "fields": {"action_time": "2020-05-07T03:47:45.427Z", "user": ["admin"], "content_type": ["database", "location"], "object_id": "12", "object_repr": "Kingsgate P&R", "action_flag": 1, "change_message": "[{\"added\": {}}]"}}, {"model": "admin.logentry", "pk": 17, "fields": {"action_time": "2020-05-07T03:47:58.067Z", "user": ["admin"], "content_type": ["database", "location"], "object_id": "13", "object_repr": "Newport Hills P&R", "action_flag": 1, "change_message": "[{\"added\": {}}]"}}, {"model": "admin.logentry", "pk": 18, "fields": {"action_time": "2020-05-07T03:48:11.252Z", "user": ["admin"], "content_type": ["database", "location"], "object_id": "14", "object_repr": "Northgate TC", "action_flag": 1, "change_message": "[{\"added\": {}}]"}}, {"model": "admin.logentry", "pk": 19, "fields": {"action_time": "2020-05-07T03:48:32.790Z", "user": ["admin"], "content_type": ["database", "location"], "object_id": "15", "object_repr": "Redmond TC", "action_flag": 1, "change_message": "[{\"added\": {}}]"}}, {"model": "admin.logentry", "pk": 20, "fields": {"action_time": "2020-05-07T03:49:06.621Z", "user": ["admin"], "content_type": ["database", "location"], "object_id": "16", "object_repr": "Renton - St Matthew's Lutheran Church", "action_flag": 1, "change_message": "[{\"added\": {}}]"}}, {"model": "admin.logentry", "pk": 21, "fields": {"action_time": "2020-05-07T03:51:17.230Z", "user": ["admin"], "content_type": ["database", "customer"], "object_id": "1", "object_repr": "Alessandro Lou", "action_flag": 1, "change_message": "[{\"added\": {}}]"}}, {"model": "admin.logentry", "pk": 22, "fields": {"action_time": "2020-05-07T03:54:28.715Z", "user": ["admin"], "content_type": ["database", "locker_status"], "object_id": "1", "object_repr": "Available", "action_flag": 1, "change_message": "[{\"added\": {}}]"}}, {"model": "admin.logentry", "pk": 23, "fields": {"action_time": "2020-05-07T03:55:42.262Z", "user": ["admin"], "content_type": ["database", "locker_status"], "object_id": "1", "object_repr": "Available", "action_flag": 2, "change_message": "[]"}}, {"model": "admin.logentry", "pk": 24, "fields": {"action_time": "2020-05-07T03:55:46.661Z", "user": ["admin"], "content_type": ["database", "locker_status"], "object_id": "2", "object_repr": "In Progress", "action_flag": 1, "change_message": "[{\"added\": {}}]"}}, {"model": "admin.logentry", "pk": 25, "fields": {"action_time": "2020-05-07T03:55:48.915Z", "user": ["admin"], "content_type": ["database", "locker_status"], "object_id": "3", "object_repr": "Leased", "action_flag": 1, "change_message": "[{\"added\": {}}]"}}, {"model": "admin.logentry", "pk": 26, "fields": {"action_time": "2020-05-07T03:55:51.025Z", "user": ["admin"], "content_type": ["database", "locker"], "object_id": "1", "object_repr": "Auburn P&R #1", "action_flag": 1, "change_message": "[{\"added\": {}}]"}}, {"model": "admin.logentry", "pk": 27, "fields": {"action_time": "2020-05-07T03:55:57.493Z", "user": ["admin"], "content_type": ["database", "locker"], "object_id": "2", "object_repr": "Auburn P&R #1", "action_flag": 1, "change_message": "[{\"added\": {}}]"}}, {"model": "admin.logentry", "pk": 28, "fields": {"action_time": "2020-05-07T03:56:08.267Z", "user": ["admin"], "content_type": ["database", "locker"], "object_id": "2", "object_repr": "Auburn P&R #2", "action_flag": 2, "change_message": "[{\"changed\": {\"fields\": [\"Locker Name\"]}}]"}}, {"model": "admin.logentry", "pk": 29, "fields": {"action_time": "2020-05-07T03:56:29.377Z", "user": ["admin"], "content_type": ["database", "cust_locker"], "object_id": "1", "object_repr": "Alessandro Lou Auburn P&R #2", "action_flag": 1, "change_message": "[{\"added\": {}}]"}}, {"model": "admin.logentry", "pk": 30, "fields": {"action_time": "2020-05-07T03:56:35.017Z", "user": ["admin"], "content_type": ["database", "cust_locker"], "object_id": "1", "object_repr": "Alessandro Lou Auburn P&R #1", "action_flag": 2, "change_message": "[{\"changed\": {\"fields\": [\"Locker id\"]}}]"}}, {"model": "admin.logentry", "pk": 31, "fields": {"action_time": "2020-05-07T04:06:50.213Z", "user": ["admin"], "content_type": ["database", "cust_locker"], "object_id": "1", "object_repr": "Alessandro Lou Auburn P&R #1", "action_flag": 2, "change_message": "[{\"changed\": {\"fields\": [\"Contract date\", \"Renew date\"]}}]"}}, {"model": "admin.logentry", "pk": 32, "fields": {"action_time": "2020-05-07T04:12:13.742Z", "user": ["admin"], "content_type": ["database", "cust_locker"], "object_id": "1", "object_repr": "Alessandro Lou Auburn P&R #1", "action_flag": 2, "change_message": "[{\"changed\": {\"fields\": [\"Renew date\"]}}]"}}, {"model": "admin.logentry", "pk": 33, "fields": {"action_time": "2020-05-07T04:28:31.658Z", "user": ["admin"], "content_type": ["database", "customer"], "object_id": "2", "object_repr": "Richard York", "action_flag": 1, "change_message": "[{\"added\": {}}]"}}, {"model": "admin.logentry", "pk": 34, "fields": {"action_time": "2020-05-07T04:29:05.256Z", "user": ["admin"], "content_type": ["database", "locker"], "object_id": "3", "object_repr": "Auburn P&R #19", "action_flag": 1, "change_message": "[{\"added\": {}}]"}}, {"model": "admin.logentry", "pk": 35, "fields": {"action_time": "2020-05-07T04:29:13.440Z", "user": ["admin"], "content_type": ["database", "cust_locker"], "object_id": "2", "object_repr": "Richard York Auburn P&R #19", "action_flag": 1, "change_message": "[{\"added\": {}}]"}}, {"model": "admin.logentry", "pk": 36, "fields": {"action_time": "2020-05-07T04:29:27.967Z", "user": ["admin"], "content_type": ["database", "customer"], "object_id": "2", "object_repr": "Richard York", "action_flag": 2, "change_message": "[{\"changed\": {\"fields\": [\"Phone #1\"]}}]"}}, {"model": "admin.logentry", "pk": 37, "fields": {"action_time": "2020-05-07T04:29:30.914Z", "user": ["admin"], "content_type": ["database", "cust_locker"], "object_id": "2", "object_repr": "Richard York Auburn P&R #19", "action_flag": 2, "change_message": "[]"}}, {"model": "admin.logentry", "pk": 38, "fields": {"action_time": "2020-05-07T04:31:09.855Z", "user": ["admin"], "content_type": ["database", "customer"], "object_id": "2", "object_repr": "Richard York", "action_flag": 2, "change_message": "[{\"changed\": {\"fields\": [\"Email\"]}}]"}}, {"model": "admin.logentry", "pk": 39, "fields": {"action_time": "2020-05-07T04:31:10.707Z", "user": ["admin"], "content_type": ["database", "cust_locker"], "object_id": "2", "object_repr": "Richard York Auburn P&R #19", "action_flag": 2, "change_message": "[]"}}, {"model": "admin.logentry", "pk": 40, "fields": {"action_time": "2020-05-07T04:31:24.756Z", "user": ["admin"], "content_type": ["database", "customer"], "object_id": "2", "object_repr": "Richard York", "action_flag": 2, "change_message": "[{\"changed\": {\"fields\": [\"Email\"]}}]"}}, {"model": "admin.logentry", "pk": 41, "fields": {"action_time": "2020-05-07T04:31:25.397Z", "user": ["admin"], "content_type": ["database", "cust_locker"], "object_id": "2", "object_repr": "Richard York Auburn P&R #19", "action_flag": 2, "change_message": "[]"}}, {"model": "admin.logentry", "pk": 42, "fields": {"action_time": "2020-05-07T04:50:34.673Z", "user": ["admin"], "content_type": ["database", "maintenance_status"], "object_id": "1", "object_repr": "Awaiting Response", "action_flag": 1, "change_message": "[{\"added\": {}}]"}}, {"model": "admin.logentry", "pk": 43, "fields": {"action_time": "2020-05-07T04:50:40.191Z", "user": ["admin"], "content_type": ["database", "maintenance_status"], "object_id": "2", "object_repr": "In Progress", "action_flag": 1, "change_message": "[{\"added\": {}}]"}}, {"model": "admin.logentry", "pk": 44, "fields": {"action_time": "2020-05-07T04:50:43.579Z", "user": ["admin"], "content_type": ["database", "maintenance_status"], "object_id": "3", "object_repr": "Complete", "action_flag": 1, "change_message": "[{\"added\": {}}]"}}, {"model": "admin.logentry", "pk": 45, "fields": {"action_time": "2020-05-07T04:51:14.714Z", "user": ["admin"], "content_type": ["database", "maintenance_type"], "object_id": "1", "object_repr": "Bike", "action_flag": 1, "change_message": "[{\"added\": {}}]"}}, {"model": "admin.logentry", "pk": 46, "fields": {"action_time": "2020-05-07T04:51:20.396Z", "user": ["admin"], "content_type": ["database", "maintenance"], "object_id": "1", "object_repr": "2020-05-07 Auburn P&R - Bike", "action_flag": 1, "change_message": "[{\"added\": {}}]"}}, {"model": "admin.logentry", "pk": 47, "fields": {"action_time": "2020-05-07T05:21:09.784Z", "user": ["admin"], "content_type": ["database", "cust_locker"], "object_id": "3", "object_repr": "Alessandro Lou Auburn P&R #1", "action_flag": 1, "change_message": "[{\"added\": {}}]"}}, {"model": "admin.logentry", "pk": 48, "fields": {"action_time": "2020-05-07T05:21:34.473Z", "user": ["admin"], "content_type": ["database", "customer"], "object_id": "1", "object_repr": "Alessandro Lou", "action_flag": 2, "change_message": "[{\"changed\": {\"fields\": [\"Status\"]}}]"}}, {"model": "admin.logentry", "pk": 49, "fields": {"action_time": "2020-05-07T05:21:35.825Z", "user": ["admin"], "content_type": ["database", "cust_locker"], "object_id": "3", "object_repr": "Alessandro Lou Auburn P&R #1", "action_flag": 2, "change_message": "[]"}}, {"model": "admin.logentry", "pk": 50, "fields": {"action_time": "2020-05-07T05:26:12.814Z", "user": ["admin"], "content_type": ["database", "locker"], "object_id": "1", "object_repr": "Auburn P&R #1", "action_flag": 2, "change_message": "[]"}}, {"model": "admin.logentry", "pk": 51, "fields": {"action_time": "2020-05-07T05:26:14.484Z", "user": ["admin"], "content_type": ["database", "cust_locker"], "object_id": "3", "object_repr": "Alessandro Lou Auburn P&R #1", "action_flag": 2, "change_message": "[]"}}, {"model": "admin.logentry", "pk": 52, "fields": {"action_time": "2020-05-07T05:32:06.218Z", "user": ["admin"], "content_type": ["database", "location"], "object_id": "17", "object_repr": "Auburn P&R", "action_flag": 1, "change_message": "[{\"added\": {}}]"}}, {"model": "admin.logentry", "pk": 53, "fields": {"action_time": "2020-05-07T05:32:16.163Z", "user": ["admin"], "content_type": ["database", "locker"], "object_id": "4", "object_repr": "Auburn P&R #1", "action_flag": 1, "change_message": "[{\"added\": {}}]"}}, {"model": "admin.logentry", "pk": 54, "fields": {"action_time": "2020-05-07T05:32:20.618Z", "user": ["admin"], "content_type": ["database", "cust_locker"], "object_id": "4", "object_repr": "Alessandro Lou Auburn P&R #1", "action_flag": 1, "change_message": "[{\"added\": {}}]"}}, {"model": "admin.logentry", "pk": 55, "fields": {"action_time": "2020-05-07T05:32:44.152Z", "user": ["admin"], "content_type": ["database", "locker"], "object_id": "4", "object_repr": "Auburn P&R #1", "action_flag": 2, "change_message": "[]"}}, {"model": "admin.logentry", "pk": 56, "fields": {"action_time": "2020-05-07T05:32:50.909Z", "user": ["admin"], "content_type": ["database", "customer"], "object_id": "1", "object_repr": "Alessandro Lou", "action_flag": 2, "change_message": "[{\"changed\": {\"fields\": [\"Status\"]}}]"}}, {"model": "admin.logentry", "pk": 57, "fields": {"action_time": "2020-05-07T05:32:51.590Z", "user": ["admin"], "content_type": ["database", "cust_locker"], "object_id": "4", "object_repr": "Alessandro Lou Auburn P&R #1", "action_flag": 2, "change_message": "[]"}}, {"model": "admin.logentry", "pk": 58, "fields": {"action_time": "2020-05-07T05:35:14.725Z", "user": ["admin"], "content_type": ["database", "inquiry"], "object_id": "1", "object_repr": "Alessandro Lou (2020-05-07)", "action_flag": 1, "change_message": "[{\"added\": {}}]"}}, {"model": "admin.logentry", "pk": 59, "fields": {"action_time": "2020-05-07T05:35:34.422Z", "user": ["admin"], "content_type": ["database", "locker"], "object_id": "4", "object_repr": "Auburn P&R #1", "action_flag": 2, "change_message": "[]"}}, {"model": "admin.logentry", "pk": 60, "fields": {"action_time": "2020-05-07T05:41:08.486Z", "user": ["admin"], "content_type": ["database", "cust_locker"], "object_id": "5", "object_repr": "Alessandro Lou Auburn P&R #1", "action_flag": 1, "change_message": "[{\"added\": {}}]"}}, {"model": "admin.logentry", "pk": 61, "fields": {"action_time": "2020-05-07T05:42:01.359Z", "user": ["admin"], "content_type": ["database", "cust_locker"], "object_id": "5", "object_repr": "Alessandro Lou Auburn P&R #1", "action_flag": 2, "change_message": "[]"}}, {"model": "admin.logentry", "pk": 62, "fields": {"action_time": "2020-05-07T05:42:18.722Z", "user": ["admin"], "content_type": ["database", "inquiry"], "object_id": "2", "object_repr": "Richard York (2020-05-07)", "action_flag": 1, "change_message": "[{\"added\": {}}]"}}, {"model": "admin.logentry", "pk": 63, "fields": {"action_time": "2020-05-07T05:42:28.748Z", "user": ["admin"], "content_type": ["database", "locker"], "object_id": "4", "object_repr": "Auburn P&R #1", "action_flag": 2, "change_message": "[]"}}, {"model": "admin.logentry", "pk": 64, "fields": {"action_time": "2020-05-07T05:42:32.888Z", "user": ["admin"], "content_type": ["database", "locker"], "object_id": "5", "object_repr": "Auburn P&R #2", "action_flag": 1, "change_message": "[{\"added\": {}}]"}}, {"model": "admin.logentry", "pk": 65, "fields": {"action_time": "2020-05-07T05:42:35.770Z", "user": ["admin"], "content_type": ["database", "cust_locker"], "object_id": "6", "object_repr": "Richard York Auburn P&R #2", "action_flag": 1, "change_message": "[{\"added\": {}}]"}}, {"model": "admin.logentry", "pk": 66, "fields": {"action_time": "2020-05-07T05:43:16.545Z", "user": ["admin"], "content_type": ["database", "cust_locker"], "object_id": "6", "object_repr": "Richard York Auburn P&R #2", "action_flag": 3, "change_message": ""}}, {"model": "admin.logentry", "pk": 67, "fields": {"action_time": "2020-05-07T05:43:28.185Z", "user": ["admin"], "content_type": ["database", "inquiry"], "object_id": "3", "object_repr": "Richard York (2020-05-07)", "action_flag": 1, "change_message": "[{\"added\": {}}]"}}, {"model": "admin.logentry", "pk": 68, "fields": {"action_time": "2020-05-07T05:43:39.141Z", "user": ["admin"], "content_type": ["database", "locker"], "object_id": "5", "object_repr": "Auburn P&R #2", "action_flag": 2, "change_message": "[]"}}, {"model": "admin.logentry", "pk": 69, "fields": {"action_time": "2020-05-07T05:43:40.497Z", "user": ["admin"], "content_type": ["database", "cust_locker"], "object_id": "7", "object_repr": "Richard York Auburn P&R #2", "action_flag": 1, "change_message": "[{\"added\": {}}]"}}, {"model": "admin.logentry", "pk": 70, "fields": {"action_time": "2020-05-07T05:44:46.299Z", "user": ["admin"], "content_type": ["database", "cust_locker"], "object_id": "7", "object_repr": "Richard York Auburn P&R #2", "action_flag": 3, "change_message": ""}}, {"model": "admin.logentry", "pk": 71, "fields": {"action_time": "2020-05-07T05:44:57.174Z", "user": ["admin"], "content_type": ["database", "inquiry"], "object_id": "4", "object_repr": "Richard York (2020-05-07)", "action_flag": 1, "change_message": "[{\"added\": {}}]"}}, {"model": "admin.logentry", "pk": 72, "fields": {"action_time": "2020-05-07T05:45:05.601Z", "user": ["admin"], "content_type": ["database", "cust_locker"], "object_id": "8", "object_repr": "Richard York Auburn P&R #2", "action_flag": 1, "change_message": "[{\"added\": {}}]"}}, {"model": "admin.logentry", "pk": 73, "fields": {"action_time": "2020-05-07T05:45:58.352Z", "user": ["admin"], "content_type": ["database", "customer"], "object_id": "1", "object_repr": "Alessandro Lou", "action_flag": 2, "change_message": "[{\"changed\": {\"fields\": [\"Status\"]}}]"}}, {"model": "admin.logentry", "pk": 74, "fields": {"action_time": "2020-05-07T05:46:00.431Z", "user": ["admin"], "content_type": ["database", "locker"], "object_id": "4", "object_repr": "Auburn P&R #1", "action_flag": 2, "change_message": "[]"}}, {"model": "admin.logentry", "pk": 75, "fields": {"action_time": "2020-05-07T05:46:01.285Z", "user": ["admin"], "content_type": ["database", "cust_locker"], "object_id": "5", "object_repr": "Alessandro Lou Auburn P&R #1", "action_flag": 2, "change_message": "[]"}}, {"model": "admin.logentry", "pk": 76, "fields": {"action_time": "2020-05-07T05:46:07.711Z", "user": ["admin"], "content_type": ["database", "customer"], "object_id": "2", "object_repr": "Richard York", "action_flag": 2, "change_message": "[{\"changed\": {\"fields\": [\"Status\"]}}]"}}, {"model": "admin.logentry", "pk": 77, "fields": {"action_time": "2020-05-07T05:46:08.738Z", "user": ["admin"], "content_type": ["database", "cust_locker"], "object_id": "8", "object_repr": "Richard York Auburn P&R #2", "action_flag": 2, "change_message": "[]"}}, {"model": "admin.logentry", "pk": 78, "fields": {"action_time": "2020-05-07T05:50:43.726Z", "user": ["admin"], "content_type": ["database", "location"], "object_id": "18", "object_repr": "Aurora Village TC", "action_flag": 1, "change_message": "[{\"added\": {}}]"}}, {"model": "admin.logentry", "pk": 79, "fields": {"action_time": "2020-05-07T05:50:57.726Z", "user": ["admin"], "content_type": ["database", "location"], "object_id": "19", "object_repr": "Bear Creek P&R", "action_flag": 1, "change_message": "[{\"added\": {}}]"}}, {"model": "admin.logentry", "pk": 80, "fields": {"action_time": "2020-05-07T05:51:04.940Z", "user": ["admin"], "content_type": ["database", "location"], "object_id": "20", "object_repr": "Brickyard Road P&R", "action_flag": 1, "change_message": "[{\"added\": {}}]"}}, {"model": "admin.logentry", "pk": 81, "fields": {"action_time": "2020-05-07T05:51:12.349Z", "user": ["admin"], "content_type": ["database", "location"], "object_id": "21", "object_repr": "Burien TC", "action_flag": 1, "change_message": "[{\"added\": {}}]"}}, {"model": "admin.logentry", "pk": 82, "fields": {"action_time": "2020-05-07T05:51:20.518Z", "user": ["admin"], "content_type": ["database", "location"], "object_id": "22", "object_repr": "Eastgate P&R", "action_flag": 1, "change_message": "[{\"added\": {}}]"}}, {"model": "admin.logentry", "pk": 83, "fields": {"action_time": "2020-05-07T05:51:24.569Z", "user": ["admin"], "content_type": ["database", "location"], "object_id": "23", "object_repr": "Federal Way/S 320th St P&R", "action_flag": 1, "change_message": "[{\"added\": {}}]"}}, {"model": "admin.logentry", "pk": 84, "fields": {"action_time": "2020-05-07T05:51:29.745Z", "user": ["admin"], "content_type": ["database", "location"], "object_id": "24", "object_repr": "Greenlake P&R", "action_flag": 1, "change_message": "[{\"added\": {}}]"}}, {"model": "admin.logentry", "pk": 85, "fields": {"action_time": "2020-05-07T05:51:33.925Z", "user": ["admin"], "content_type": ["database", "location"], "object_id": "25", "object_repr": "Issaquah Highlands P&R", "action_flag": 1, "change_message": "[{\"added\": {}}]"}}, {"model": "admin.logentry", "pk": 86, "fields": {"action_time": "2020-05-07T05:51:40.517Z", "user": ["admin"], "content_type": ["database", "location"], "object_id": "26", "object_repr": "Kenmore P&R", "action_flag": 1, "change_message": "[{\"added\": {}}]"}}, {"model": "admin.logentry", "pk": 87, "fields": {"action_time": "2020-05-07T05:51:43.801Z", "user": ["admin"], "content_type": ["database", "location"], "object_id": "27", "object_repr": "Kent/James St P&R", "action_flag": 1, "change_message": "[{\"added\": {}}]"}}, {"model": "admin.logentry", "pk": 88, "fields": {"action_time": "2020-05-07T05:51:48.422Z", "user": ["admin"], "content_type": ["database", "location"], "object_id": "28", "object_repr": "Kingsgate P&R", "action_flag": 1, "change_message": "[{\"added\": {}}]"}}, {"model": "admin.logentry", "pk": 89, "fields": {"action_time": "2020-05-07T05:51:53.659Z", "user": ["admin"], "content_type": ["database", "location"], "object_id": "29", "object_repr": "Newport Hills P&R", "action_flag": 1, "change_message": "[{\"added\": {}}]"}}, {"model": "admin.logentry", "pk": 90, "fields": {"action_time": "2020-05-07T05:51:57.120Z", "user": ["admin"], "content_type": ["database", "location"], "object_id": "30", "object_repr": "Northgate TC", "action_flag": 1, "change_message": "[{\"added\": {}}]"}}, {"model": "admin.logentry", "pk": 91, "fields": {"action_time": "2020-05-07T05:52:03.229Z", "user": ["admin"], "content_type": ["database", "location"], "object_id": "31", "object_repr": "Redmond TC", "action_flag": 1, "change_message": "[{\"added\": {}}]"}}, {"model": "admin.logentry", "pk": 92, "fields": {"action_time": "2020-05-07T05:52:06.033Z", "user": ["admin"], "content_type": ["database", "location"], "object_id": "32", "object_repr": "Renton - St Matthew's Lutheran Church", "action_flag": 1, "change_message": "[{\"added\": {}}]"}}, {"model": "admin.logentry", "pk": 93, "fields": {"action_time": "2020-05-07T05:52:46.427Z", "user": ["admin"], "content_type": ["database", "cust_locker"], "object_id": "5", "object_repr": "Alessandro Lou Auburn P&R #1", "action_flag": 2, "change_message": "[{\"changed\": {\"fields\": [\"Renew date\"]}}]"}}, {"model": "admin.logentry", "pk": 94, "fields": {"action_time": "2020-05-07T06:18:21.388Z", "user": ["admin"], "content_type": ["database", "locker"], "object_id": "6", "object_repr": "Aurora Village TC #1", "action_flag": 1, "change_message": "[{\"added\": {}}]"}}, {"model": "admin.logentry", "pk": 95, "fields": {"action_time": "2020-05-07T06:18:28.766Z", "user": ["admin"], "content_type": ["database", "cust_locker"], "object_id": "9", "object_repr": "Richard York Aurora Village TC #1", "action_flag": 1, "change_message": "[{\"added\": {}}]"}}, {"model": "admin.logentry", "pk": 96, "fields": {"action_time": "2020-05-07T06:18:48.156Z", "user": ["admin"], "content_type": ["database", "customer"], "object_id": "2", "object_repr": "Richard York", "action_flag": 2, "change_message": "[{\"changed\": {\"fields\": [\"Status\"]}}]"}}, {"model": "admin.logentry", "pk": 97, "fields": {"action_time": "2020-05-07T06:18:49.220Z", "user": ["admin"], "content_type": ["database", "cust_locker"], "object_id": "9", "object_repr": "Richard York Aurora Village TC #1", "action_flag": 2, "change_message": "[]"}}, {"model": "admin.logentry", "pk": 98, "fields": {"action_time": "2020-05-07T07:01:23.143Z", "user": ["admin"], "content_type": ["database", "locker"], "object_id": "4", "object_repr": "Auburn P&R #1", "action_flag": 2, "change_message": "[{\"changed\": {\"fields\": [\"Locker status id\"]}}]"}}, {"model": "admin.logentry", "pk": 99, "fields": {"action_time": "2020-05-07T07:01:24.015Z", "user": ["admin"], "content_type": ["database", "cust_locker"], "object_id": "5", "object_repr": "Alessandro Lou Auburn P&R #1", "action_flag": 2, "change_message": "[]"}}, {"model": "admin.logentry", "pk": 100, "fields": {"action_time": "2020-05-07T07:57:48.736Z", "user": ["admin"], "content_type": ["database", "customer"], "object_id": "1", "object_repr": "Alessandro Lou", "action_flag": 2, "change_message": "[{\"changed\": {\"fields\": [\"Status\"]}}]"}}, {"model": "admin.logentry", "pk": 101, "fields": {"action_time": "2020-05-07T15:37:23.205Z", "user": ["admin"], "content_type": ["database", "renewal_form"], "object_id": "3", "object_repr": "Renewal_Form object (3)", "action_flag": 2, "change_message": "[{\"changed\": {\"fields\": [\"Location\", \"Feedback\"]}}]"}}, {"model": "admin.logentry", "pk": 102, "fields": {"action_time": "2020-05-11T16:03:24.463Z", "user": ["admin"], "content_type": ["database", "customer"], "object_id": "1", "object_repr": "Alessandro Lou", "action_flag": 2, "change_message": "[{\"changed\": {\"fields\": [\"Status\"]}}]"}}, {"model": "admin.logentry", "pk": 103, "fields": {"action_time": "2020-05-11T16:03:27.441Z", "user": ["admin"], "content_type": ["database", "cust_locker"], "object_id": "5", "object_repr": "Alessandro Lou Auburn P&R #1", "action_flag": 2, "change_message": "[]"}}, {"model": "admin.logentry", "pk": 104, "fields": {"action_time": "2020-05-11T16:08:54.032Z", "user": ["admin"], "content_type": ["database", "customer"], "object_id": "2", "object_repr": "Richard York", "action_flag": 2, "change_message": "[{\"changed\": {\"fields\": [\"Status\"]}}]"}}, {"model": "admin.logentry", "pk": 105, "fields": {"action_time": "2020-05-11T16:15:24.088Z", "user": ["admin"], "content_type": ["database", "customer"], "object_id": "2", "object_repr": "Richard York", "action_flag": 2, "change_message": "[{\"changed\": {\"fields\": [\"Email\"]}}]"}}, {"model": "admin.logentry", "pk": 106, "fields": {"action_time": "2020-05-11T16:34:26.153Z", "user": ["admin"], "content_type": ["database", "cust_locker"], "object_id": "5", "object_repr": "Alessandro Lou Auburn P&R #1", "action_flag": 2, "change_message": "[{\"changed\": {\"fields\": [\"Renew date\"]}}]"}}, {"model": "admin.logentry", "pk": 107, "fields": {"action_time": "2020-05-11T16:41:25.650Z", "user": ["admin"], "content_type": ["database", "cust_locker"], "object_id": "5", "object_repr": "Alessandro Lou Auburn P&R #1", "action_flag": 2, "change_message": "[{\"changed\": {\"fields\": [\"Renew date\"]}}]"}}, {"model": "admin.logentry", "pk": 108, "fields": {"action_time": "2020-05-11T17:40:36.696Z", "user": ["admin"], "content_type": ["database", "customer"], "object_id": "2", "object_repr": "Richard York", "action_flag": 2, "change_message": "[{\"changed\": {\"fields\": [\"Phone #2\", \"Status\"]}}]"}}, {"model": "admin.logentry", "pk": 109, "fields": {"action_time": "2020-05-11T17:40:44.251Z", "user": ["admin"], "content_type": ["database", "cust_locker"], "object_id": "9", "object_repr": "Richard York Aurora Village TC #1", "action_flag": 2, "change_message": "[{\"changed\": {\"fields\": [\"Description\"]}}]"}}, {"model": "admin.logentry", "pk": 110, "fields": {"action_time": "2020-05-11T17:45:23.903Z", "user": ["admin"], "content_type": ["database", "customer"], "object_id": "2", "object_repr": "Richard York", "action_flag": 2, "change_message": "[{\"changed\": {\"fields\": [\"Email\"]}}]"}}, {"model": "admin.logentry", "pk": 111, "fields": {"action_time": "2020-05-11T17:45:37.181Z", "user": ["admin"], "content_type": ["database", "cust_locker"], "object_id": "9", "object_repr": "Richard York Aurora Village TC #1", "action_flag": 2, "change_message": "[]"}}, {"model": "admin.logentry", "pk": 112, "fields": {"action_time": "2020-05-11T17:46:15.391Z", "user": ["admin"], "content_type": ["database", "customer"], "object_id": "3", "object_repr": "Rob Gendron", "action_flag": 1, "change_message": "[{\"added\": {}}]"}}, {"model": "admin.logentry", "pk": 113, "fields": {"action_time": "2020-05-11T17:46:28.887Z", "user": ["admin"], "content_type": ["database", "locker"], "object_id": "7", "object_repr": "Aurora Village TC #1", "action_flag": 1, "change_message": "[{\"added\": {}}]"}}, {"model": "admin.logentry", "pk": 114, "fields": {"action_time": "2020-05-11T17:46:47.198Z", "user": ["admin"], "content_type": ["database", "cust_locker"], "object_id": "10", "object_repr": "Rob Gendron Aurora Village TC #1", "action_flag": 1, "change_message": "[{\"added\": {}}]"}}, {"model": "admin.logentry", "pk": 115, "fields": {"action_time": "2020-05-11T17:47:25.659Z", "user": ["admin"], "content_type": ["database", "customer"], "object_id": "4", "object_repr": "Alex Ho", "action_flag": 1, "change_message": "[{\"added\": {}}]"}}, {"model": "admin.logentry", "pk": 116, "fields": {"action_time": "2020-05-11T17:47:41.202Z", "user": ["admin"], "content_type": ["database", "locker"], "object_id": "8", "object_repr": "Auburn P&R #2", "action_flag": 1, "change_message": "[{\"added\": {}}]"}}, {"model": "admin.logentry", "pk": 117, "fields": {"action_time": "2020-05-11T17:48:15.299Z", "user": ["admin"], "content_type": ["database", "cust_locker"], "object_id": "11", "object_repr": "Alex Ho Auburn P&R #2", "action_flag": 1, "change_message": "[{\"added\": {}}]"}}, {"model": "admin.logentry", "pk": 118, "fields": {"action_time": "2020-05-11T17:48:27.701Z", "user": ["admin"], "content_type": ["database", "cust_locker"], "object_id": "5", "object_repr": "Alessandro Lou Auburn P&R #1", "action_flag": 3, "change_message": ""}}, {"model": "admin.logentry", "pk": 119, "fields": {"action_time": "2020-05-11T17:51:44.757Z", "user": ["admin"], "content_type": ["database", "customer"], "object_id": "7", "object_repr": "Matthew Bell", "action_flag": 2, "change_message": "[{\"changed\": {\"fields\": [\"Status\"]}}]"}}, {"model": "admin.logentry", "pk": 120, "fields": {"action_time": "2020-05-11T17:52:12.193Z", "user": ["admin"], "content_type": ["database", "customer"], "object_id": "7", "object_repr": "Matthew Bell", "action_flag": 3, "change_message": ""}}, {"model": "admin.logentry", "pk": 121, "fields": {"action_time": "2020-05-11T17:53:29.445Z", "user": ["admin"], "content_type": ["database", "customer"], "object_id": "8", "object_repr": "Matthew Bell", "action_flag": 3, "change_message": ""}}, {"model": "admin.logentry", "pk": 122, "fields": {"action_time": "2020-05-11T17:53:29.449Z", "user": ["admin"], "content_type": ["database", "customer"], "object_id": "5", "object_repr": "Rob Gendron", "action_flag": 3, "change_message": ""}}, {"model": "admin.logentry", "pk": 123, "fields": {"action_time": "2020-05-11T17:53:29.451Z", "user": ["admin"], "content_type": ["database", "customer"], "object_id": "3", "object_repr": "Rob Gendron", "action_flag": 3, "change_message": ""}}, {"model": "admin.logentry", "pk": 124, "fields": {"action_time": "2020-05-11T17:53:29.452Z", "user": ["admin"], "content_type": ["database", "customer"], "object_id": "4", "object_repr": "Alex Ho", "action_flag": 3, "change_message": ""}}, {"model": "admin.logentry", "pk": 125, "fields": {"action_time": "2020-05-11T17:53:29.454Z", "user": ["admin"], "content_type": ["database", "customer"], "object_id": "1", "object_repr": "Alessandro Lou", "action_flag": 3, "change_message": ""}}, {"model": "admin.logentry", "pk": 126, "fields": {"action_time": "2020-05-11T17:53:29.457Z", "user": ["admin"], "content_type": ["database", "customer"], "object_id": "6", "object_repr": "Shaerna Safsten", "action_flag": 3, "change_message": ""}}, {"model": "admin.logentry", "pk": 127, "fields": {"action_time": "2020-05-11T17:53:29.458Z", "user": ["admin"], "content_type": ["database", "customer"], "object_id": "2", "object_repr": "Richard York", "action_flag": 3, "change_message": ""}}, {"model": "admin.logentry", "pk": 128, "fields": {"action_time": "2020-05-11T17:55:45.854Z", "user": ["admin"], "content_type": ["database", "customer"], "object_id": "12", "object_repr": "Matthew Bell", "action_flag": 3, "change_message": ""}}, {"model": "admin.logentry", "pk": 129, "fields": {"action_time": "2020-05-11T17:55:45.859Z", "user": ["admin"], "content_type": ["database", "customer"], "object_id": "9", "object_repr": "Rob Gendron", "action_flag": 3, "change_message": ""}}, {"model": "admin.logentry", "pk": 130, "fields": {"action_time": "2020-05-11T17:55:45.861Z", "user": ["admin"], "content_type": ["database", "customer"], "object_id": "10", "object_repr": "Alex Ho", "action_flag": 3, "change_message": ""}}, {"model": "admin.logentry", "pk": 131, "fields": {"action_time": "2020-05-11T17:55:45.862Z", "user": ["admin"], "content_type": ["database", "customer"], "object_id": "11", "object_repr": "Shaerna Safsten", "action_flag": 3, "change_message": ""}}, {"model": "admin.logentry", "pk": 132, "fields": {"action_time": "2020-05-11T18:01:12.273Z", "user": ["admin"], "content_type": ["database", "customer"], "object_id": "16", "object_repr": "Matthew Bell", "action_flag": 3, "change_message": ""}}, {"model": "admin.logentry", "pk": 133, "fields": {"action_time": "2020-05-11T18:01:12.276Z", "user": ["admin"], "content_type": ["database", "customer"], "object_id": "13", "object_repr": "Rob Gendron", "action_flag": 3, "change_message": ""}}, {"model": "admin.logentry", "pk": 134, "fields": {"action_time": "2020-05-11T18:01:12.278Z", "user": ["admin"], "content_type": ["database", "customer"], "object_id": "14", "object_repr": "Alex Ho", "action_flag": 3, "change_message": ""}}, {"model": "admin.logentry", "pk": 135, "fields": {"action_time": "2020-05-11T18:01:12.281Z", "user": ["admin"], "content_type": ["database", "customer"], "object_id": "15", "object_repr": "Shaerna Safsten", "action_flag": 3, "change_message": ""}}, {"model": "admin.logentry", "pk": 136, "fields": {"action_time": "2020-05-11T18:11:59.409Z", "user": ["admin"], "content_type": ["database", "customer"], "object_id": "20", "object_repr": "Matthew Bell", "action_flag": 3, "change_message": ""}}, {"model": "admin.logentry", "pk": 137, "fields": {"action_time": "2020-05-11T18:11:59.414Z", "user": ["admin"], "content_type": ["database", "customer"], "object_id": "17", "object_repr": "Rob Gendron", "action_flag": 3, "change_message": ""}}, {"model": "admin.logentry", "pk": 138, "fields": {"action_time": "2020-05-11T18:11:59.415Z", "user": ["admin"], "content_type": ["database", "customer"], "object_id": "18", "object_repr": "Alex Ho", "action_flag": 3, "change_message": ""}}, {"model": "admin.logentry", "pk": 139, "fields": {"action_time": "2020-05-11T18:11:59.417Z", "user": ["admin"], "content_type": ["database", "customer"], "object_id": "19", "object_repr": "Shaerna Safsten", "action_flag": 3, "change_message": ""}}, {"model": "admin.logentry", "pk": 140, "fields": {"action_time": "2020-05-11T19:10:24.994Z", "user": ["admin"], "content_type": ["database", "location"], "object_id": "34", "object_repr": "145AA.3", "action_flag": 3, "change_message": ""}}, {"model": "admin.logentry", "pk": 141, "fields": {"action_time": "2020-05-11T19:12:10.784Z", "user": ["admin"], "content_type": ["database", "customer"], "object_id": "24", "object_repr": "Matthew Bell", "action_flag": 3, "change_message": ""}}, {"model": "admin.logentry", "pk": 142, "fields": {"action_time": "2020-05-11T19:12:10.804Z", "user": ["admin"], "content_type": ["database", "customer"], "object_id": "21", "object_repr": "Rob Gendron", "action_flag": 3, "change_message": ""}}, {"model": "admin.logentry", "pk": 143, "fields": {"action_time": "2020-05-11T19:12:10.807Z", "user": ["admin"], "content_type": ["database", "customer"], "object_id": "22", "object_repr": "Alex Ho", "action_flag": 3, "change_message": ""}}, {"model": "admin.logentry", "pk": 144, "fields": {"action_time": "2020-05-11T19:12:10.810Z", "user": ["admin"], "content_type": ["database", "customer"], "object_id": "23", "object_repr": "Shaerna Safsten", "action_flag": 3, "change_message": ""}}, {"model": "admin.logentry", "pk": 145, "fields": {"action_time": "2020-05-11T19:14:05.876Z", "user": ["admin"], "content_type": ["database", "location"], "object_id": "35", "object_repr": "145AA.3", "action_flag": 3, "change_message": ""}}, {"model": "admin.logentry", "pk": 146, "fields": {"action_time": "2020-05-11T19:14:05.882Z", "user": ["admin"], "content_type": ["database", "location"], "object_id": "33", "object_repr": "", "action_flag": 3, "change_message": ""}}, {"model": "admin.logentry", "pk": 147, "fields": {"action_time": "2020-05-11T19:14:18.588Z", "user": ["admin"], "content_type": ["database", "customer"], "object_id": "28", "object_repr": "Matthew Bell", "action_flag": 3, "change_message": ""}}, {"model": "admin.logentry", "pk": 148, "fields": {"action_time": "2020-05-11T19:14:18.590Z", "user": ["admin"], "content_type": ["database", "customer"], "object_id": "25", "object_repr": "Rob Gendron", "action_flag": 3, "change_message": ""}}, {"model": "admin.logentry", "pk": 149, "fields": {"action_time": "2020-05-11T19:14:18.592Z", "user": ["admin"], "content_type": ["database", "customer"], "object_id": "26", "object_repr": "Alex Ho", "action_flag": 3, "change_message": ""}}, {"model": "admin.logentry", "pk": 150, "fields": {"action_time": "2020-05-11T19:14:18.594Z", "user": ["admin"], "content_type": ["database", "customer"], "object_id": "27", "object_repr": "Shaerna Safsten", "action_flag": 3, "change_message": ""}}, {"model": "admin.logentry", "pk": 151, "fields": {"action_time": "2020-05-11T19:17:28.565Z", "user": ["admin"], "content_type": ["database", "customer"], "object_id": "32", "object_repr": "Matthew Bell", "action_flag": 3, "change_message": ""}}, {"model": "admin.logentry", "pk": 152, "fields": {"action_time": "2020-05-11T19:17:28.568Z", "user": ["admin"], "content_type": ["database", "customer"], "object_id": "29", "object_repr": "Rob Gendron", "action_flag": 3, "change_message": ""}}, {"model": "admin.logentry", "pk": 153, "fields": {"action_time": "2020-05-11T19:17:28.570Z", "user": ["admin"], "content_type": ["database", "customer"], "object_id": "30", "object_repr": "Alex Ho", "action_flag": 3, "change_message": ""}}, {"model": "admin.logentry", "pk": 154, "fields": {"action_time": "2020-05-11T19:17:28.572Z", "user": ["admin"], "content_type": ["database", "customer"], "object_id": "31", "object_repr": "Shaerna Safsten", "action_flag": 3, "change_message": ""}}, {"model": "admin.logentry", "pk": 155, "fields": {"action_time": "2020-05-11T19:17:38.835Z", "user": ["admin"], "content_type": ["database", "location"], "object_id": "36", "object_repr": "", "action_flag": 3, "change_message": ""}}, {"model": "admin.logentry", "pk": 156, "fields": {"action_time": "2020-05-11T19:17:38.837Z", "user": ["admin"], "content_type": ["database", "location"], "object_id": "18", "object_repr": "Aurora Village TC", "action_flag": 3, "change_message": ""}}, {"model": "admin.logentry", "pk": 157, "fields": {"action_time": "2020-05-11T19:19:26.617Z", "user": ["admin"], "content_type": ["database", "location"], "object_id": "37", "object_repr": "", "action_flag": 3, "change_message": ""}}, {"model": "admin.logentry", "pk": 158, "fields": {"action_time": "2020-05-11T19:19:38.053Z", "user": ["admin"], "content_type": ["database", "customer"], "object_id": "36", "object_repr": "Matthew Bell", "action_flag": 3, "change_message": ""}}, {"model": "admin.logentry", "pk": 159, "fields": {"action_time": "2020-05-11T19:19:38.055Z", "user": ["admin"], "content_type": ["database", "customer"], "object_id": "33", "object_repr": "Rob Gendron", "action_flag": 3, "change_message": ""}}, {"model": "admin.logentry", "pk": 160, "fields": {"action_time": "2020-05-11T19:19:38.057Z", "user": ["admin"], "content_type": ["database", "customer"], "object_id": "34", "object_repr": "Alex Ho", "action_flag": 3, "change_message": ""}}, {"model": "admin.logentry", "pk": 161, "fields": {"action_time": "2020-05-11T19:19:38.058Z", "user": ["admin"], "content_type": ["database", "customer"], "object_id": "35", "object_repr": "Shaerna Safsten", "action_flag": 3, "change_message": ""}}, {"model": "admin.logentry", "pk": 162, "fields": {"action_time": "2020-05-11T19:21:41.614Z", "user": ["admin"], "content_type": ["database", "location"], "object_id": "39", "object_repr": "Aurora Village TC", "action_flag": 3, "change_message": ""}}, {"model": "admin.logentry", "pk": 163, "fields": {"action_time": "2020-05-11T19:21:41.618Z", "user": ["admin"], "content_type": ["database", "location"], "object_id": "38", "object_repr": "", "action_flag": 3, "change_message": ""}}, {"model": "admin.logentry", "pk": 164, "fields": {"action_time": "2020-05-11T19:21:49.052Z", "user": ["admin"], "content_type": ["database", "customer"], "object_id": "40", "object_repr": "Matthew Bell", "action_flag": 3, "change_message": ""}}, {"model": "admin.logentry", "pk": 165, "fields": {"action_time": "2020-05-11T19:21:49.054Z", "user": ["admin"], "content_type": ["database", "customer"], "object_id": "37", "object_repr": "Rob Gendron", "action_flag": 3, "change_message": ""}}, {"model": "admin.logentry", "pk": 166, "fields": {"action_time": "2020-05-11T19:21:49.055Z", "user": ["admin"], "content_type": ["database", "customer"], "object_id": "38", "object_repr": "Alex Ho", "action_flag": 3, "change_message": ""}}, {"model": "admin.logentry", "pk": 167, "fields": {"action_time": "2020-05-11T19:21:49.057Z", "user": ["admin"], "content_type": ["database", "customer"], "object_id": "39", "object_repr": "Shaerna Safsten", "action_flag": 3, "change_message": ""}}, {"model": "admin.logentry", "pk": 168, "fields": {"action_time": "2020-05-11T19:22:32.797Z", "user": ["admin"], "content_type": ["database", "location"], "object_id": "40", "object_repr": "Aurora Village TC", "action_flag": 3, "change_message": ""}}, {"model": "admin.logentry", "pk": 169, "fields": {"action_time": "2020-05-11T19:27:26.525Z", "user": ["admin"], "content_type": ["database", "locker"], "object_id": "34", "object_repr": "Aurora Village TC #1", "action_flag": 2, "change_message": "[{\"changed\": {\"fields\": [\"Locker status id\"]}}]"}}, {"model": "admin.logentry", "pk": 170, "fields": {"action_time": "2020-05-11T19:27:28.953Z", "user": ["admin"], "content_type": ["database", "cust_locker"], "object_id": "40", "object_repr": "Rob Gendron Aurora Village TC #1", "action_flag": 2, "change_message": "[]"}}, {"model": "admin.logentry", "pk": 171, "fields": {"action_time": "2020-05-11T19:27:35.796Z", "user": ["admin"], "content_type": ["database", "locker"], "object_id": "35", "object_repr": "Aurora Village TC #2", "action_flag": 2, "change_message": "[{\"changed\": {\"fields\": [\"Locker status id\"]}}]"}}, {"model": "admin.logentry", "pk": 172, "fields": {"action_time": "2020-05-11T19:27:36.797Z", "user": ["admin"], "content_type": ["database", "cust_locker"], "object_id": "41", "object_repr": "Alex Ho Aurora Village TC #2", "action_flag": 2, "change_message": "[]"}}, {"model": "admin.logentry", "pk": 173, "fields": {"action_time": "2020-05-11T19:27:45.829Z", "user": ["admin"], "content_type": ["database", "locker"], "object_id": "36", "object_repr": "Aurora Village TC #3", "action_flag": 2, "change_message": "[{\"changed\": {\"fields\": [\"Locker status id\"]}}]"}}, {"model": "admin.logentry", "pk": 174, "fields": {"action_time": "2020-05-11T19:27:47.241Z", "user": ["admin"], "content_type": ["database", "cust_locker"], "object_id": "42", "object_repr": "Shaerna Safsten Aurora Village TC #3", "action_flag": 2, "change_message": "[]"}}, {"model": "admin.logentry", "pk": 175, "fields": {"action_time": "2020-05-11T19:27:55.474Z", "user": ["admin"], "content_type": ["database", "locker"], "object_id": "37", "object_repr": "Aurora Village TC #4", "action_flag": 2, "change_message": "[{\"changed\": {\"fields\": [\"Locker status id\"]}}]"}}, {"model": "admin.logentry", "pk": 176, "fields": {"action_time": "2020-05-11T19:27:56.797Z", "user": ["admin"], "content_type": ["database", "cust_locker"], "object_id": "43", "object_repr": "Matthew Bell Aurora Village TC #4", "action_flag": 2, "change_message": "[]"}}, {"model": "admin.logentry", "pk": 177, "fields": {"action_time": "2020-05-11T19:55:04.033Z", "user": ["admin"], "content_type": ["database", "cust_locker"], "object_id": "59", "object_repr": "Zot O'Connor Bear Creek P&R #16", "action_flag": 3, "change_message": ""}}, {"model": "admin.logentry", "pk": 178, "fields": {"action_time": "2020-05-11T19:55:04.037Z", "user": ["admin"], "content_type": ["database", "cust_locker"], "object_id": "58", "object_repr": "Galen Knapp Bear Creek P&R #15", "action_flag": 3, "change_message": ""}}, {"model": "admin.logentry", "pk": 179, "fields": {"action_time": "2020-05-11T19:55:04.039Z", "user": ["admin"], "content_type": ["database", "cust_locker"], "object_id": "57", "object_repr": "Sean Maginness Bear Creek P&R #12", "action_flag": 3, "change_message": ""}}, {"model": "admin.logentry", "pk": 180, "fields": {"action_time": "2020-05-11T19:55:04.041Z", "user": ["admin"], "content_type": ["database", "cust_locker"], "object_id": "56", "object_repr": "Manuel Soto Bear Creek P&R #11", "action_flag": 3, "change_message": ""}}, {"model": "admin.logentry", "pk": 181, "fields": {"action_time": "2020-05-11T19:55:04.043Z", "user": ["admin"], "content_type": ["database", "cust_locker"], "object_id": "55", "object_repr": "Tom Popovich Bear Creek P&R #10", "action_flag": 3, "change_message": ""}}, {"model": "admin.logentry", "pk": 182, "fields": {"action_time": "2020-05-11T19:55:04.045Z", "user": ["admin"], "content_type": ["database", "cust_locker"], "object_id": "54", "object_repr": "Tim Whelan Bear Creek P&R #9", "action_flag": 3, "change_message": ""}}, {"model": "admin.logentry", "pk": 183, "fields": {"action_time": "2020-05-11T19:55:04.046Z", "user": ["admin"], "content_type": ["database", "cust_locker"], "object_id": "53", "object_repr": "Charlie Tinninghast Bear Creek P&R #8", "action_flag": 3, "change_message": ""}}, {"model": "admin.logentry", "pk": 184, "fields": {"action_time": "2020-05-11T19:55:04.048Z", "user": ["admin"], "content_type": ["database", "cust_locker"], "object_id": "52", "object_repr": "Stuart Smith Bear Creek P&R #6", "action_flag": 3, "change_message": ""}}, {"model": "admin.logentry", "pk": 185, "fields": {"action_time": "2020-05-11T19:55:04.049Z", "user": ["admin"], "content_type": ["database", "cust_locker"], "object_id": "51", "object_repr": "Zot O'Connor Bear Creek P&R #16", "action_flag": 3, "change_message": ""}}, {"model": "admin.logentry", "pk": 186, "fields": {"action_time": "2020-05-11T19:55:04.051Z", "user": ["admin"], "content_type": ["database", "cust_locker"], "object_id": "50", "object_repr": "Galen Knapp Bear Creek P&R #15", "action_flag": 3, "change_message": ""}}, {"model": "admin.logentry", "pk": 187, "fields": {"action_time": "2020-05-11T19:55:04.052Z", "user": ["admin"], "content_type": ["database", "cust_locker"], "object_id": "49", "object_repr": "Sean Maginness Bear Creek P&R #12", "action_flag": 3, "change_message": ""}}, {"model": "admin.logentry", "pk": 188, "fields": {"action_time": "2020-05-11T19:55:04.054Z", "user": ["admin"], "content_type": ["database", "cust_locker"], "object_id": "48", "object_repr": "Manuel Soto Bear Creek P&R #11", "action_flag": 3, "change_message": ""}}, {"model": "admin.logentry", "pk": 189, "fields": {"action_time": "2020-05-11T19:55:04.056Z", "user": ["admin"], "content_type": ["database", "cust_locker"], "object_id": "47", "object_repr": "Tom Popovich Bear Creek P&R #10", "action_flag": 3, "change_message": ""}}, {"model": "admin.logentry", "pk": 190, "fields": {"action_time": "2020-05-11T19:55:04.057Z", "user": ["admin"], "content_type": ["database", "cust_locker"], "object_id": "46", "object_repr": "Tim Whelan Bear Creek P&R #9", "action_flag": 3, "change_message": ""}}, {"model": "admin.logentry", "pk": 191, "fields": {"action_time": "2020-05-11T19:55:04.059Z", "user": ["admin"], "content_type": ["database", "cust_locker"], "object_id": "45", "object_repr": "Charlie Tinninghast Bear Creek P&R #8", "action_flag": 3, "change_message": ""}}, {"model": "admin.logentry", "pk": 192, "fields": {"action_time": "2020-05-11T19:55:04.061Z", "user": ["admin"], "content_type": ["database", "cust_locker"], "object_id": "44", "object_repr": "Stuart Smith Bear Creek P&R #6", "action_flag": 3, "change_message": ""}}, {"model": "admin.logentry", "pk": 193, "fields": {"action_time": "2020-05-11T19:56:42.292Z", "user": ["admin"], "content_type": ["database", "locker"], "object_id": "61", "object_repr": "Bear Creek P&R #16", "action_flag": 3, "change_message": ""}}, {"model": "admin.logentry", "pk": 194, "fields": {"action_time": "2020-05-11T19:56:42.294Z", "user": ["admin"], "content_type": ["database", "locker"], "object_id": "60", "object_repr": "Bear Creek P&R #15", "action_flag": 3, "change_message": ""}}, {"model": "admin.logentry", "pk": 195, "fields": {"action_time": "2020-05-11T19:56:42.295Z", "user": ["admin"], "content_type": ["database", "locker"], "object_id": "59", "object_repr": "Bear Creek P&R #14", "action_flag": 3, "change_message": ""}}, {"model": "admin.logentry", "pk": 196, "fields": {"action_time": "2020-05-11T19:56:42.297Z", "user": ["admin"], "content_type": ["database", "locker"], "object_id": "58", "object_repr": "Bear Creek P&R #13", "action_flag": 3, "change_message": ""}}, {"model": "admin.logentry", "pk": 197, "fields": {"action_time": "2020-05-11T19:56:42.299Z", "user": ["admin"], "content_type": ["database", "locker"], "object_id": "57", "object_repr": "Bear Creek P&R #12", "action_flag": 3, "change_message": ""}}, {"model": "admin.logentry", "pk": 198, "fields": {"action_time": "2020-05-11T19:56:42.301Z", "user": ["admin"], "content_type": ["database", "locker"], "object_id": "56", "object_repr": "Bear Creek P&R #11", "action_flag": 3, "change_message": ""}}, {"model": "admin.logentry", "pk": 199, "fields": {"action_time": "2020-05-11T19:56:42.303Z", "user": ["admin"], "content_type": ["database", "locker"], "object_id": "55", "object_repr": "Bear Creek P&R #10", "action_flag": 3, "change_message": ""}}, {"model": "admin.logentry", "pk": 200, "fields": {"action_time": "2020-05-11T19:56:42.305Z", "user": ["admin"], "content_type": ["database", "locker"], "object_id": "54", "object_repr": "Bear Creek P&R #9", "action_flag": 3, "change_message": ""}}, {"model": "admin.logentry", "pk": 201, "fields": {"action_time": "2020-05-11T19:56:42.306Z", "user": ["admin"], "content_type": ["database", "locker"], "object_id": "53", "object_repr": "Bear Creek P&R #8", "action_flag": 3, "change_message": ""}}, {"model": "admin.logentry", "pk": 202, "fields": {"action_time": "2020-05-11T19:56:42.308Z", "user": ["admin"], "content_type": ["database", "locker"], "object_id": "52", "object_repr": "Bear Creek P&R #7", "action_flag": 3, "change_message": ""}}, {"model": "admin.logentry", "pk": 203, "fields": {"action_time": "2020-05-11T19:56:42.309Z", "user": ["admin"], "content_type": ["database", "locker"], "object_id": "51", "object_repr": "Bear Creek P&R #6", "action_flag": 3, "change_message": ""}}, {"model": "admin.logentry", "pk": 204, "fields": {"action_time": "2020-05-11T19:56:42.310Z", "user": ["admin"], "content_type": ["database", "locker"], "object_id": "50", "object_repr": "Bear Creek P&R #5", "action_flag": 3, "change_message": ""}}, {"model": "admin.logentry", "pk": 205, "fields": {"action_time": "2020-05-11T19:56:42.311Z", "user": ["admin"], "content_type": ["database", "locker"], "object_id": "49", "object_repr": "Bear Creek P&R #16", "action_flag": 3, "change_message": ""}}, {"model": "admin.logentry", "pk": 206, "fields": {"action_time": "2020-05-11T19:56:42.312Z", "user": ["admin"], "content_type": ["database", "locker"], "object_id": "48", "object_repr": "Bear Creek P&R #15", "action_flag": 3, "change_message": ""}}, {"model": "admin.logentry", "pk": 207, "fields": {"action_time": "2020-05-11T19:56:42.314Z", "user": ["admin"], "content_type": ["database", "locker"], "object_id": "47", "object_repr": "Bear Creek P&R #14", "action_flag": 3, "change_message": ""}}, {"model": "admin.logentry", "pk": 208, "fields": {"action_time": "2020-05-11T19:56:42.316Z", "user": ["admin"], "content_type": ["database", "locker"], "object_id": "46", "object_repr": "Bear Creek P&R #13", "action_flag": 3, "change_message": ""}}, {"model": "admin.logentry", "pk": 209, "fields": {"action_time": "2020-05-11T19:56:42.317Z", "user": ["admin"], "content_type": ["database", "locker"], "object_id": "45", "object_repr": "Bear Creek P&R #12", "action_flag": 3, "change_message": ""}}, {"model": "admin.logentry", "pk": 210, "fields": {"action_time": "2020-05-11T19:56:42.319Z", "user": ["admin"], "content_type": ["database", "locker"], "object_id": "44", "object_repr": "Bear Creek P&R #11", "action_flag": 3, "change_message": ""}}, {"model": "admin.logentry", "pk": 211, "fields": {"action_time": "2020-05-11T19:56:42.320Z", "user": ["admin"], "content_type": ["database", "locker"], "object_id": "43", "object_repr": "Bear Creek P&R #10", "action_flag": 3, "change_message": ""}}, {"model": "admin.logentry", "pk": 212, "fields": {"action_time": "2020-05-11T19:56:42.322Z", "user": ["admin"], "content_type": ["database", "locker"], "object_id": "42", "object_repr": "Bear Creek P&R #9", "action_flag": 3, "change_message": ""}}, {"model": "admin.logentry", "pk": 213, "fields": {"action_time": "2020-05-11T19:56:42.324Z", "user": ["admin"], "content_type": ["database", "locker"], "object_id": "41", "object_repr": "Bear Creek P&R #8", "action_flag": 3, "change_message": ""}}, {"model": "admin.logentry", "pk": 214, "fields": {"action_time": "2020-05-11T19:56:42.326Z", "user": ["admin"], "content_type": ["database", "locker"], "object_id": "40", "object_repr": "Bear Creek P&R #7", "action_flag": 3, "change_message": ""}}, {"model": "admin.logentry", "pk": 215, "fields": {"action_time": "2020-05-11T19:56:42.327Z", "user": ["admin"], "content_type": ["database", "locker"], "object_id": "39", "object_repr": "Bear Creek P&R #6", "action_flag": 3, "change_message": ""}}, {"model": "admin.logentry", "pk": 216, "fields": {"action_time": "2020-05-11T19:56:42.329Z", "user": ["admin"], "content_type": ["database", "locker"], "object_id": "38", "object_repr": "Bear Creek P&R #5", "action_flag": 3, "change_message": ""}}, {"model": "admin.logentry", "pk": 217, "fields": {"action_time": "2020-05-11T19:57:52.007Z", "user": ["admin"], "content_type": ["database", "cust_locker"], "object_id": "75", "object_repr": "Zot O'Connor Bear Creek P&R #16", "action_flag": 3, "change_message": ""}}, {"model": "admin.logentry", "pk": 218, "fields": {"action_time": "2020-05-11T19:57:52.011Z", "user": ["admin"], "content_type": ["database", "cust_locker"], "object_id": "74", "object_repr": "Galen Knapp Bear Creek P&R #15", "action_flag": 3, "change_message": ""}}, {"model": "admin.logentry", "pk": 219, "fields": {"action_time": "2020-05-11T19:57:52.016Z", "user": ["admin"], "content_type": ["database", "cust_locker"], "object_id": "73", "object_repr": "Sean Maginness Bear Creek P&R #12", "action_flag": 3, "change_message": ""}}, {"model": "admin.logentry", "pk": 220, "fields": {"action_time": "2020-05-11T19:57:52.018Z", "user": ["admin"], "content_type": ["database", "cust_locker"], "object_id": "72", "object_repr": "Manuel Soto Bear Creek P&R #11", "action_flag": 3, "change_message": ""}}, {"model": "admin.logentry", "pk": 221, "fields": {"action_time": "2020-05-11T19:57:52.021Z", "user": ["admin"], "content_type": ["database", "cust_locker"], "object_id": "71", "object_repr": "Tom Popovich Bear Creek P&R #10", "action_flag": 3, "change_message": ""}}, {"model": "admin.logentry", "pk": 222, "fields": {"action_time": "2020-05-11T19:57:52.024Z", "user": ["admin"], "content_type": ["database", "cust_locker"], "object_id": "70", "object_repr": "Tim Whelan Bear Creek P&R #9", "action_flag": 3, "change_message": ""}}, {"model": "admin.logentry", "pk": 223, "fields": {"action_time": "2020-05-11T19:57:52.026Z", "user": ["admin"], "content_type": ["database", "cust_locker"], "object_id": "69", "object_repr": "Charlie Tinninghast Bear Creek P&R #8", "action_flag": 3, "change_message": ""}}, {"model": "admin.logentry", "pk": 224, "fields": {"action_time": "2020-05-11T19:57:52.028Z", "user": ["admin"], "content_type": ["database", "cust_locker"], "object_id": "68", "object_repr": "Stuart Smith Bear Creek P&R #6", "action_flag": 3, "change_message": ""}}, {"model": "admin.logentry", "pk": 225, "fields": {"action_time": "2020-05-11T19:58:04.613Z", "user": ["admin"], "content_type": ["database", "locker"], "object_id": "73", "object_repr": "Bear Creek P&R #16", "action_flag": 3, "change_message": ""}}, {"model": "admin.logentry", "pk": 226, "fields": {"action_time": "2020-05-11T19:58:04.623Z", "user": ["admin"], "content_type": ["database", "locker"], "object_id": "72", "object_repr": "Bear Creek P&R #15", "action_flag": 3, "change_message": ""}}, {"model": "admin.logentry", "pk": 227, "fields": {"action_time": "2020-05-11T19:58:04.626Z", "user": ["admin"], "content_type": ["database", "locker"], "object_id": "71", "object_repr": "Bear Creek P&R #14", "action_flag": 3, "change_message": ""}}, {"model": "admin.logentry", "pk": 228, "fields": {"action_time": "2020-05-11T19:58:04.627Z", "user": ["admin"], "content_type": ["database", "locker"], "object_id": "70", "object_repr": "Bear Creek P&R #13", "action_flag": 3, "change_message": ""}}, {"model": "admin.logentry", "pk": 229, "fields": {"action_time": "2020-05-11T19:58:04.629Z", "user": ["admin"], "content_type": ["database", "locker"], "object_id": "69", "object_repr": "Bear Creek P&R #12", "action_flag": 3, "change_message": ""}}, {"model": "admin.logentry", "pk": 230, "fields": {"action_time": "2020-05-11T19:58:04.630Z", "user": ["admin"], "content_type": ["database", "locker"], "object_id": "68", "object_repr": "Bear Creek P&R #11", "action_flag": 3, "change_message": ""}}, {"model": "admin.logentry", "pk": 231, "fields": {"action_time": "2020-05-11T19:58:04.633Z", "user": ["admin"], "content_type": ["database", "locker"], "object_id": "67", "object_repr": "Bear Creek P&R #10", "action_flag": 3, "change_message": ""}}, {"model": "admin.logentry", "pk": 232, "fields": {"action_time": "2020-05-11T19:58:04.638Z", "user": ["admin"], "content_type": ["database", "locker"], "object_id": "66", "object_repr": "Bear Creek P&R #9", "action_flag": 3, "change_message": ""}}, {"model": "admin.logentry", "pk": 233, "fields": {"action_time": "2020-05-11T19:58:04.640Z", "user": ["admin"], "content_type": ["database", "locker"], "object_id": "65", "object_repr": "Bear Creek P&R #8", "action_flag": 3, "change_message": ""}}, {"model": "admin.logentry", "pk": 234, "fields": {"action_time": "2020-05-11T19:58:04.641Z", "user": ["admin"], "content_type": ["database", "locker"], "object_id": "64", "object_repr": "Bear Creek P&R #7", "action_flag": 3, "change_message": ""}}, {"model": "admin.logentry", "pk": 235, "fields": {"action_time": "2020-05-11T19:58:04.643Z", "user": ["admin"], "content_type": ["database", "locker"], "object_id": "63", "object_repr": "Bear Creek P&R #6", "action_flag": 3, "change_message": ""}}, {"model": "admin.logentry", "pk": 236, "fields": {"action_time": "2020-05-11T19:58:04.644Z", "user": ["admin"], "content_type": ["database", "locker"], "object_id": "62", "object_repr": "Bear Creek P&R #5", "action_flag": 3, "change_message": ""}}, {"model": "admin.logentry", "pk": 237, "fields": {"action_time": "2020-05-11T19:59:24.980Z", "user": ["admin"], "content_type": ["database", "locker"], "object_id": "97", "object_repr": "Bear Creek P&R #16", "action_flag": 3, "change_message": ""}}, {"model": "admin.logentry", "pk": 238, "fields": {"action_time": "2020-05-11T19:59:24.982Z", "user": ["admin"], "content_type": ["database", "locker"], "object_id": "96", "object_repr": "Bear Creek P&R #15", "action_flag": 3, "change_message": ""}}, {"model": "admin.logentry", "pk": 239, "fields": {"action_time": "2020-05-11T19:59:24.984Z", "user": ["admin"], "content_type": ["database", "locker"], "object_id": "95", "object_repr": "Bear Creek P&R #14", "action_flag": 3, "change_message": ""}}, {"model": "admin.logentry", "pk": 240, "fields": {"action_time": "2020-05-11T19:59:24.985Z", "user": ["admin"], "content_type": ["database", "locker"], "object_id": "94", "object_repr": "Bear Creek P&R #13", "action_flag": 3, "change_message": ""}}, {"model": "admin.logentry", "pk": 241, "fields": {"action_time": "2020-05-11T19:59:24.987Z", "user": ["admin"], "content_type": ["database", "locker"], "object_id": "93", "object_repr": "Bear Creek P&R #12", "action_flag": 3, "change_message": ""}}, {"model": "admin.logentry", "pk": 242, "fields": {"action_time": "2020-05-11T19:59:24.988Z", "user": ["admin"], "content_type": ["database", "locker"], "object_id": "92", "object_repr": "Bear Creek P&R #11", "action_flag": 3, "change_message": ""}}, {"model": "admin.logentry", "pk": 243, "fields": {"action_time": "2020-05-11T19:59:24.989Z", "user": ["admin"], "content_type": ["database", "locker"], "object_id": "91", "object_repr": "Bear Creek P&R #10", "action_flag": 3, "change_message": ""}}, {"model": "admin.logentry", "pk": 244, "fields": {"action_time": "2020-05-11T19:59:24.991Z", "user": ["admin"], "content_type": ["database", "locker"], "object_id": "90", "object_repr": "Bear Creek P&R #9", "action_flag": 3, "change_message": ""}}, {"model": "admin.logentry", "pk": 245, "fields": {"action_time": "2020-05-11T19:59:24.992Z", "user": ["admin"], "content_type": ["database", "locker"], "object_id": "89", "object_repr": "Bear Creek P&R #8", "action_flag": 3, "change_message": ""}}, {"model": "admin.logentry", "pk": 246, "fields": {"action_time": "2020-05-11T19:59:24.994Z", "user": ["admin"], "content_type": ["database", "locker"], "object_id": "88", "object_repr": "Bear Creek P&R #7", "action_flag": 3, "change_message": ""}}, {"model": "admin.logentry", "pk": 247, "fields": {"action_time": "2020-05-11T19:59:24.995Z", "user": ["admin"], "content_type": ["database", "locker"], "object_id": "87", "object_repr": "Bear Creek P&R #6", "action_flag": 3, "change_message": ""}}, {"model": "admin.logentry", "pk": 248, "fields": {"action_time": "2020-05-11T19:59:24.996Z", "user": ["admin"], "content_type": ["database", "locker"], "object_id": "86", "object_repr": "Bear Creek P&R #5", "action_flag": 3, "change_message": ""}}, {"model": "admin.logentry", "pk": 249, "fields": {"action_time": "2020-05-11T19:59:24.997Z", "user": ["admin"], "content_type": ["database", "locker"], "object_id": "85", "object_repr": "Bear Creek P&R #16", "action_flag": 3, "change_message": ""}}, {"model": "admin.logentry", "pk": 250, "fields": {"action_time": "2020-05-11T19:59:24.998Z", "user": ["admin"], "content_type": ["database", "locker"], "object_id": "84", "object_repr": "Bear Creek P&R #15", "action_flag": 3, "change_message": ""}}, {"model": "admin.logentry", "pk": 251, "fields": {"action_time": "2020-05-11T19:59:25.000Z", "user": ["admin"], "content_type": ["database", "locker"], "object_id": "83", "object_repr": "Bear Creek P&R #14", "action_flag": 3, "change_message": ""}}, {"model": "admin.logentry", "pk": 252, "fields": {"action_time": "2020-05-11T19:59:25.001Z", "user": ["admin"], "content_type": ["database", "locker"], "object_id": "82", "object_repr": "Bear Creek P&R #13", "action_flag": 3, "change_message": ""}}, {"model": "admin.logentry", "pk": 253, "fields": {"action_time": "2020-05-11T19:59:25.003Z", "user": ["admin"], "content_type": ["database", "locker"], "object_id": "81", "object_repr": "Bear Creek P&R #12", "action_flag": 3, "change_message": ""}}, {"model": "admin.logentry", "pk": 254, "fields": {"action_time": "2020-05-11T19:59:25.004Z", "user": ["admin"], "content_type": ["database", "locker"], "object_id": "80", "object_repr": "Bear Creek P&R #11", "action_flag": 3, "change_message": ""}}, {"model": "admin.logentry", "pk": 255, "fields": {"action_time": "2020-05-11T19:59:25.006Z", "user": ["admin"], "content_type": ["database", "locker"], "object_id": "79", "object_repr": "Bear Creek P&R #10", "action_flag": 3, "change_message": ""}}, {"model": "admin.logentry", "pk": 256, "fields": {"action_time": "2020-05-11T19:59:25.007Z", "user": ["admin"], "content_type": ["database", "locker"], "object_id": "78", "object_repr": "Bear Creek P&R #9", "action_flag": 3, "change_message": ""}}, {"model": "admin.logentry", "pk": 257, "fields": {"action_time": "2020-05-11T19:59:25.008Z", "user": ["admin"], "content_type": ["database", "locker"], "object_id": "77", "object_repr": "Bear Creek P&R #8", "action_flag": 3, "change_message": ""}}, {"model": "admin.logentry", "pk": 258, "fields": {"action_time": "2020-05-11T19:59:25.010Z", "user": ["admin"], "content_type": ["database", "locker"], "object_id": "76", "object_repr": "Bear Creek P&R #7", "action_flag": 3, "change_message": ""}}, {"model": "admin.logentry", "pk": 259, "fields": {"action_time": "2020-05-11T19:59:25.011Z", "user": ["admin"], "content_type": ["database", "locker"], "object_id": "75", "object_repr": "Bear Creek P&R #6", "action_flag": 3, "change_message": ""}}, {"model": "admin.logentry", "pk": 260, "fields": {"action_time": "2020-05-11T19:59:25.012Z", "user": ["admin"], "content_type": ["database", "locker"], "object_id": "74", "object_repr": "Bear Creek P&R #5", "action_flag": 3, "change_message": ""}}, {"model": "admin.logentry", "pk": 261, "fields": {"action_time": "2020-05-11T20:16:21.504Z", "user": ["admin"], "content_type": ["database", "customer"], "object_id": "46", "object_repr": "Stuart Smith", "action_flag": 2, "change_message": "[{\"changed\": {\"fields\": [\"State\", \"Zip Code\"]}}]"}}, {"model": "admin.logentry", "pk": 262, "fields": {"action_time": "2020-05-11T20:16:23.125Z", "user": ["admin"], "content_type": ["database", "cust_locker"], "object_id": "92", "object_repr": "Stuart Smith Bear Creek P&R #6", "action_flag": 2, "change_message": "[]"}}, {"model": "admin.logentry", "pk": 263, "fields": {"action_time": "2020-05-11T21:47:53.552Z", "user": ["admin"], "content_type": ["database", "location"], "object_id": "42", "object_repr": "test", "action_flag": 1, "change_message": "[{\"added\": {}}]"}}, {"model": "admin.logentry", "pk": 264, "fields": {"action_time": "2020-05-11T23:56:03.056Z", "user": ["admin"], "content_type": ["database", "location_renewals"], "object_id": "1", "object_repr": "Location_Renewals object (1)", "action_flag": 1, "change_message": "[{\"added\": {}}]"}}, {"model": "admin.logentry", "pk": 265, "fields": {"action_time": "2020-05-11T23:57:26.007Z", "user": ["admin"], "content_type": ["database", "location"], "object_id": "42", "object_repr": "test", "action_flag": 2, "change_message": "[{\"changed\": {\"fields\": [\"Location renewal day\"]}}]"}}, {"model": "admin.logentry", "pk": 266, "fields": {"action_time": "2020-05-12T00:01:35.424Z", "user": ["admin"], "content_type": ["database", "location_renewals"], "object_id": "1", "object_repr": "Auburn P&R 2020-05-11", "action_flag": 3, "change_message": ""}}, {"model": "admin.logentry", "pk": 267, "fields": {"action_time": "2020-05-12T00:03:08.404Z", "user": ["admin"], "content_type": ["database", "location_renewals"], "object_id": "1", "object_repr": "Auburn P&R 2020-05-12", "action_flag": 1, "change_message": "[{\"added\": {}}]"}}, {"model": "admin.logentry", "pk": 268, "fields": {"action_time": "2020-05-12T00:03:41.923Z", "user": ["admin"], "content_type": ["database", "cust_locker"], "object_id": "40", "object_repr": "Rob Gendron Aurora Village TC #1", "action_flag": 2, "change_message": "[{\"changed\": {\"fields\": [\"Location renewal\"]}}]"}}, {"model": "admin.logentry", "pk": 269, "fields": {"action_time": "2020-05-12T00:09:07.499Z", "user": ["admin"], "content_type": ["database", "cust_locker"], "object_id": "40", "object_repr": "Rob Gendron Aurora Village TC #1", "action_flag": 2, "change_message": "[{\"changed\": {\"fields\": [\"Renew date\"]}}]"}}, {"model": "admin.logentry", "pk": 270, "fields": {"action_time": "2020-05-12T00:10:45.668Z", "user": ["admin"], "content_type": ["database", "cust_locker"], "object_id": "41", "object_repr": "Alex Ho Aurora Village TC #2", "action_flag": 2, "change_message": "[{\"changed\": {\"fields\": [\"Location renewal\"]}}]"}}, {"model": "admin.logentry", "pk": 271, "fields": {"action_time": "2020-05-12T00:10:51.799Z", "user": ["admin"], "content_type": ["database", "cust_locker"], "object_id": "98", "object_repr": "Galen Knapp Bear Creek P&R #15", "action_flag": 2, "change_message": "[{\"changed\": {\"fields\": [\"Location renewal\"]}}]"}}, {"model": "admin.logentry", "pk": 272, "fields": {"action_time": "2020-05-12T00:10:55.392Z", "user": ["admin"], "content_type": ["database", "cust_locker"], "object_id": "97", "object_repr": "Sean Maginness Bear Creek P&R #12", "action_flag": 2, "change_message": "[{\"changed\": {\"fields\": [\"Location renewal\"]}}]"}}, {"model": "admin.logentry", "pk": 273, "fields": {"action_time": "2020-05-12T00:14:01.945Z", "user": ["admin"], "content_type": ["database", "location_renewals"], "object_id": "1", "object_repr": "Auburn P&R 2020-05-11", "action_flag": 2, "change_message": "[{\"changed\": {\"fields\": [\"Date\"]}}]"}}, {"model": "admin.logentry", "pk": 274, "fields": {"action_time": "2020-05-12T00:14:02.904Z", "user": ["admin"], "content_type": ["database", "cust_locker"], "object_id": "41", "object_repr": "Alex Ho Aurora Village TC #2", "action_flag": 2, "change_message": "[]"}}, {"model": "admin.logentry", "pk": 275, "fields": {"action_time": "2020-05-12T00:24:26.205Z", "user": ["admin"], "content_type": ["database", "location_renewals"], "object_id": "1", "object_repr": "Auburn P&R 2020-02-19", "action_flag": 2, "change_message": "[{\"changed\": {\"fields\": [\"Date\"]}}]"}}, {"model": "admin.logentry", "pk": 276, "fields": {"action_time": "2020-05-12T00:24:27.182Z", "user": ["admin"], "content_type": ["database", "cust_locker"], "object_id": "40", "object_repr": "Rob Gendron Aurora Village TC #1", "action_flag": 2, "change_message": "[]"}}, {"model": "admin.logentry", "pk": 277, "fields": {"action_time": "2020-05-12T00:24:53.948Z", "user": ["admin"], "content_type": ["database", "location_renewals"], "object_id": "1", "object_repr": "Auburn P&R 2020-05-12", "action_flag": 2, "change_message": "[{\"changed\": {\"fields\": [\"Date\"]}}]"}}, {"model": "admin.logentry", "pk": 278, "fields": {"action_time": "2020-05-12T00:25:06.428Z", "user": ["admin"], "content_type": ["database", "location_renewals"], "object_id": "1", "object_repr": "Auburn P&R 2020-03-18", "action_flag": 2, "change_message": "[{\"changed\": {\"fields\": [\"Date\"]}}]"}}, {"model": "admin.logentry", "pk": 279, "fields": {"action_time": "2020-05-12T00:25:07.698Z", "user": ["admin"], "content_type": ["database", "cust_locker"], "object_id": "41", "object_repr": "Alex Ho Aurora Village TC #2", "action_flag": 2, "change_message": "[]"}}, {"model": "admin.logentry", "pk": 280, "fields": {"action_time": "2020-05-12T00:31:04.027Z", "user": ["admin"], "content_type": ["database", "location_renewals"], "object_id": "1", "object_repr": "Auburn P&R 2020-05-12", "action_flag": 2, "change_message": "[{\"changed\": {\"fields\": [\"Date\"]}}]"}}, {"model": "admin.logentry", "pk": 281, "fields": {"action_time": "2020-05-12T00:31:05.061Z", "user": ["admin"], "content_type": ["database", "cust_locker"], "object_id": "40", "object_repr": "Rob Gendron Aurora Village TC #1", "action_flag": 2, "change_message": "[]"}}, {"model": "admin.logentry", "pk": 282, "fields": {"action_time": "2020-05-12T00:31:38.373Z", "user": ["admin"], "content_type": ["database", "location_renewals"], "object_id": "1", "object_repr": "Auburn P&R 2020-05-11", "action_flag": 2, "change_message": "[{\"changed\": {\"fields\": [\"Date\"]}}]"}}, {"model": "admin.logentry", "pk": 283, "fields": {"action_time": "2020-05-12T00:31:40.096Z", "user": ["admin"], "content_type": ["database", "cust_locker"], "object_id": "40", "object_repr": "Rob Gendron Aurora Village TC #1", "action_flag": 2, "change_message": "[]"}}, {"model": "admin.logentry", "pk": 284, "fields": {"action_time": "2020-05-12T00:34:01.614Z", "user": ["admin"], "content_type": ["database", "location_renewals"], "object_id": "1", "object_repr": "Auburn P&R 2020-03-18", "action_flag": 2, "change_message": "[{\"changed\": {\"fields\": [\"Date\"]}}]"}}, {"model": "admin.logentry", "pk": 285, "fields": {"action_time": "2020-05-12T00:34:02.514Z", "user": ["admin"], "content_type": ["database", "cust_locker"], "object_id": "40", "object_repr": "Rob Gendron Aurora Village TC #1", "action_flag": 2, "change_message": "[]"}}, {"model": "admin.logentry", "pk": 286, "fields": {"action_time": "2020-05-12T00:50:08.341Z", "user": ["admin"], "content_type": ["database", "location_renewals"], "object_id": "1", "object_repr": "Auburn P&R 2020-05-12", "action_flag": 2, "change_message": "[{\"changed\": {\"fields\": [\"Date\"]}}]"}}, {"model": "admin.logentry", "pk": 287, "fields": {"action_time": "2020-05-12T00:50:09.394Z", "user": ["admin"], "content_type": ["database", "cust_locker"], "object_id": "40", "object_repr": "Rob Gendron Aurora Village TC #1", "action_flag": 2, "change_message": "[]"}}, {"model": "admin.logentry", "pk": 288, "fields": {"action_time": "2020-05-12T00:53:52.562Z", "user": ["admin"], "content_type": ["database", "location_renewals"], "object_id": "1", "object_repr": "Auburn P&R 2020-05-05", "action_flag": 2, "change_message": "[{\"changed\": {\"fields\": [\"Date\"]}}]"}}, {"model": "admin.logentry", "pk": 289, "fields": {"action_time": "2020-05-12T00:53:53.512Z", "user": ["admin"], "content_type": ["database", "cust_locker"], "object_id": "40", "object_repr": "Rob Gendron Aurora Village TC #1", "action_flag": 2, "change_message": "[]"}}, {"model": "admin.logentry", "pk": 290, "fields": {"action_time": "2020-05-12T00:54:26.504Z", "user": ["admin"], "content_type": ["database", "customer"], "object_id": "41", "object_repr": "Rob Gendron", "action_flag": 2, "change_message": "[]"}}, {"model": "admin.logentry", "pk": 291, "fields": {"action_time": "2020-05-12T01:18:26.140Z", "user": ["admin"], "content_type": ["database", "cust_locker"], "object_id": "40", "object_repr": "Rob Gendron Aurora Village TC #1", "action_flag": 2, "change_message": "[]"}}, {"model": "admin.logentry", "pk": 292, "fields": {"action_time": "2020-05-12T01:18:44.543Z", "user": ["admin"], "content_type": ["database", "customer"], "object_id": "41", "object_repr": "Rob Gendron", "action_flag": 2, "change_message": "[{\"changed\": {\"fields\": [\"Status\"]}}]"}}, {"model": "admin.logentry", "pk": 293, "fields": {"action_time": "2020-05-12T01:18:45.405Z", "user": ["admin"], "content_type": ["database", "cust_locker"], "object_id": "40", "object_repr": "Rob Gendron Aurora Village TC #1", "action_flag": 2, "change_message": "[]"}}, {"model": "admin.logentry", "pk": 294, "fields": {"action_time": "2020-05-12T01:18:51.559Z", "user": ["admin"], "content_type": ["database", "customer"], "object_id": "42", "object_repr": "Alex Ho", "action_flag": 2, "change_message": "[]"}}, {"model": "admin.logentry", "pk": 295, "fields": {"action_time": "2020-05-12T01:18:52.499Z", "user": ["admin"], "content_type": ["database", "cust_locker"], "object_id": "41", "object_repr": "Alex Ho Aurora Village TC #2", "action_flag": 2, "change_message": "[]"}}, {"model": "admin.logentry", "pk": 296, "fields": {"action_time": "2020-05-12T01:18:59.267Z", "user": ["admin"], "content_type": ["database", "customer"], "object_id": "51", "object_repr": "Sean Maginness", "action_flag": 2, "change_message": "[]"}}, {"model": "admin.logentry", "pk": 297, "fields": {"action_time": "2020-05-12T01:19:00.332Z", "user": ["admin"], "content_type": ["database", "cust_locker"], "object_id": "97", "object_repr": "Sean Maginness Bear Creek P&R #12", "action_flag": 2, "change_message": "[]"}}, {"model": "admin.logentry", "pk": 298, "fields": {"action_time": "2020-05-12T01:19:06.413Z", "user": ["admin"], "content_type": ["database", "customer"], "object_id": "52", "object_repr": "Galen Knapp", "action_flag": 2, "change_message": "[]"}}, {"model": "admin.logentry", "pk": 299, "fields": {"action_time": "2020-05-12T01:43:50.210Z", "user": ["admin"], "content_type": ["database", "customer"], "object_id": "41", "object_repr": "Rob Gendron", "action_flag": 2, "change_message": "[{\"changed\": {\"fields\": [\"Status\"]}}]"}}, {"model": "admin.logentry", "pk": 300, "fields": {"action_time": "2020-05-12T01:43:51.216Z", "user": ["admin"], "content_type": ["database", "cust_locker"], "object_id": "40", "object_repr": "Rob Gendron Aurora Village TC #1", "action_flag": 2, "change_message": "[]"}}, {"model": "admin.logentry", "pk": 301, "fields": {"action_time": "2020-05-12T01:49:14.917Z", "user": ["admin"], "content_type": ["database", "location_renewals"], "object_id": "1", "object_repr": "Auburn P&R 2020-05-12", "action_flag": 2, "change_message": "[{\"changed\": {\"fields\": [\"Date\"]}}]"}}, {"model": "admin.logentry", "pk": 302, "fields": {"action_time": "2020-05-12T01:49:15.774Z", "user": ["admin"], "content_type": ["database", "cust_locker"], "object_id": "40", "object_repr": "Rob Gendron Aurora Village TC #1", "action_flag": 2, "change_message": "[]"}}, {"model": "admin.logentry", "pk": 303, "fields": {"action_time": "2020-05-12T01:53:25.923Z", "user": ["admin"], "content_type": ["database", "location_renewals"], "object_id": "1", "object_repr": "Auburn P&R 2020-05-11", "action_flag": 2, "change_message": "[{\"changed\": {\"fields\": [\"Date\"]}}]"}}, {"model": "admin.logentry", "pk": 304, "fields": {"action_time": "2020-05-12T01:53:27.013Z", "user": ["admin"], "content_type": ["database", "cust_locker"], "object_id": "40", "object_repr": "Rob Gendron Aurora Village TC #1", "action_flag": 2, "change_message": "[]"}}, {"model": "admin.logentry", "pk": 305, "fields": {"action_time": "2020-05-12T03:21:35.393Z", "user": ["admin"], "content_type": ["database", "cust_locker"], "object_id": "40", "object_repr": "Rob Gendron Aurora Village TC #1", "action_flag": 2, "change_message": "[{\"changed\": {\"fields\": [\"Contacted\"]}}]"}}, {"model": "admin.logentry", "pk": 306, "fields": {"action_time": "2020-05-12T03:28:06.209Z", "user": ["admin"], "content_type": ["database", "cust_locker"], "object_id": "40", "object_repr": "Rob Gendron Aurora Village TC #1", "action_flag": 2, "change_message": "[{\"changed\": {\"fields\": [\"Contacted\"]}}]"}}, {"model": "admin.logentry", "pk": 307, "fields": {"action_time": "2020-05-12T03:28:20.792Z", "user": ["admin"], "content_type": ["database", "cust_locker"], "object_id": "40", "object_repr": "Rob Gendron Aurora Village TC #1", "action_flag": 2, "change_message": "[{\"changed\": {\"fields\": [\"Contacted\"]}}]"}}, {"model": "admin.logentry", "pk": 308, "fields": {"action_time": "2020-05-12T03:28:35.058Z", "user": ["admin"], "content_type": ["database", "location_renewals"], "object_id": "1", "object_repr": "Auburn P&R 2020-04-14", "action_flag": 2, "change_message": "[{\"changed\": {\"fields\": [\"Date\"]}}]"}}, {"model": "admin.logentry", "pk": 309, "fields": {"action_time": "2020-05-12T03:28:36.344Z", "user": ["admin"], "content_type": ["database", "cust_locker"], "object_id": "41", "object_repr": "Alex Ho Aurora Village TC #2", "action_flag": 2, "change_message": "[]"}}, {"model": "admin.logentry", "pk": 310, "fields": {"action_time": "2020-05-12T03:31:30.895Z", "user": ["admin"], "content_type": ["database", "cust_locker"], "object_id": "41", "object_repr": "Alex Ho Aurora Village TC #2", "action_flag": 2, "change_message": "[{\"changed\": {\"fields\": [\"Contacted\"]}}]"}}, {"model": "admin.logentry", "pk": 311, "fields": {"action_time": "2020-05-12T03:31:38.442Z", "user": ["admin"], "content_type": ["database", "cust_locker"], "object_id": "41", "object_repr": "Alex Ho Aurora Village TC #2", "action_flag": 2, "change_message": "[{\"changed\": {\"fields\": [\"Contacted\"]}}]"}}, {"model": "admin.logentry", "pk": 312, "fields": {"action_time": "2020-05-12T03:31:53.834Z", "user": ["admin"], "content_type": ["database", "location_renewals"], "object_id": "1", "object_repr": "Auburn P&R 2020-05-11", "action_flag": 2, "change_message": "[{\"changed\": {\"fields\": [\"Date\"]}}]"}}, {"model": "admin.logentry", "pk": 313, "fields": {"action_time": "2020-05-12T03:31:55.422Z", "user": ["admin"], "content_type": ["database", "cust_locker"], "object_id": "97", "object_repr": "Sean Maginness Bear Creek P&R #12", "action_flag": 2, "change_message": "[]"}}, {"model": "admin.logentry", "pk": 314, "fields": {"action_time": "2020-05-12T03:32:24.157Z", "user": ["admin"], "content_type": ["database", "cust_locker"], "object_id": "40", "object_repr": "Rob Gendron Aurora Village TC #1", "action_flag": 2, "change_message": "[{\"changed\": {\"fields\": [\"Contacted\"]}}]"}}, {"model": "admin.logentry", "pk": 315, "fields": {"action_time": "2020-05-12T03:32:29.835Z", "user": ["admin"], "content_type": ["database", "cust_locker"], "object_id": "41", "object_repr": "Alex Ho Aurora Village TC #2", "action_flag": 2, "change_message": "[{\"changed\": {\"fields\": [\"Contacted\"]}}]"}}, {"model": "admin.logentry", "pk": 316, "fields": {"action_time": "2020-05-12T03:38:56.454Z", "user": ["admin"], "content_type": ["database", "location"], "object_id": "42", "object_repr": "Test", "action_flag": 1, "change_message": "[{\"added\": {}}]"}}, {"model": "admin.logentry", "pk": 317, "fields": {"action_time": "2020-05-12T03:39:23.336Z", "user": ["admin"], "content_type": ["database", "locker"], "object_id": "110", "object_repr": "Test #1", "action_flag": 1, "change_message": "[{\"added\": {}}]"}}, {"model": "admin.logentry", "pk": 318, "fields": {"action_time": "2020-05-12T03:39:33.069Z", "user": ["admin"], "content_type": ["database", "customer"], "object_id": "54", "object_repr": "Alessandro Lou", "action_flag": 1, "change_message": "[{\"added\": {}}]"}}, {"model": "admin.logentry", "pk": 319, "fields": {"action_time": "2020-05-12T03:39:58.293Z", "user": ["admin"], "content_type": ["database", "location_renewals"], "object_id": "1", "object_repr": "Test 2020-05-11", "action_flag": 2, "change_message": "[{\"changed\": {\"fields\": [\"Location\"]}}]"}}, {"model": "admin.logentry", "pk": 320, "fields": {"action_time": "2020-05-12T03:40:01.837Z", "user": ["admin"], "content_type": ["database", "cust_locker"], "object_id": "100", "object_repr": "Alessandro Lou Test #1", "action_flag": 1, "change_message": "[{\"added\": {}}]"}}, {"model": "admin.logentry", "pk": 321, "fields": {"action_time": "2020-05-12T03:40:19.684Z", "user": ["admin"], "content_type": ["database", "location_renewals"], "object_id": "2", "object_repr": "Auburn P&R 2020-05-11", "action_flag": 1, "change_message": "[{\"added\": {}}]"}}, {"model": "admin.logentry", "pk": 322, "fields": {"action_time": "2020-05-12T03:40:23.726Z", "user": ["admin"], "content_type": ["database", "cust_locker"], "object_id": "100", "object_repr": "Alessandro Lou Test #1", "action_flag": 2, "change_message": "[]"}}, {"model": "admin.logentry", "pk": 323, "fields": {"action_time": "2020-05-12T03:40:30.546Z", "user": ["admin"], "content_type": ["database", "cust_locker"], "object_id": "40", "object_repr": "Rob Gendron Aurora Village TC #1", "action_flag": 2, "change_message": "[{\"changed\": {\"fields\": [\"Location renewal\"]}}]"}}, {"model": "admin.logentry", "pk": 324, "fields": {"action_time": "2020-05-12T03:40:35.639Z", "user": ["admin"], "content_type": ["database", "cust_locker"], "object_id": "41", "object_repr": "Alex Ho Aurora Village TC #2", "action_flag": 2, "change_message": "[{\"changed\": {\"fields\": [\"Location renewal\"]}}]"}}, {"model": "admin.logentry", "pk": 325, "fields": {"action_time": "2020-05-12T03:40:41.931Z", "user": ["admin"], "content_type": ["database", "cust_locker"], "object_id": "97", "object_repr": "Sean Maginness Bear Creek P&R #12", "action_flag": 2, "change_message": "[{\"changed\": {\"fields\": [\"Location renewal\"]}}]"}}, {"model": "admin.logentry", "pk": 326, "fields": {"action_time": "2020-05-12T03:40:48.563Z", "user": ["admin"], "content_type": ["database", "cust_locker"], "object_id": "98", "object_repr": "Galen Knapp Bear Creek P&R #15", "action_flag": 2, "change_message": "[{\"changed\": {\"fields\": [\"Location renewal\"]}}]"}}, {"model": "admin.logentry", "pk": 327, "fields": {"action_time": "2020-05-12T03:41:00.160Z", "user": ["admin"], "content_type": ["database", "location_renewals"], "object_id": "2", "object_repr": "Auburn P&R 2020-05-21", "action_flag": 2, "change_message": "[{\"changed\": {\"fields\": [\"Date\"]}}]"}}, {"model": "admin.logentry", "pk": 328, "fields": {"action_time": "2020-05-12T03:41:01.252Z", "user": ["admin"], "content_type": ["database", "cust_locker"], "object_id": "97", "object_repr": "Sean Maginness Bear Creek P&R #12", "action_flag": 2, "change_message": "[]"}}, {"model": "admin.logentry", "pk": 329, "fields": {"action_time": "2020-05-12T03:42:49.597Z", "user": ["admin"], "content_type": ["database", "locker"], "object_id": "110", "object_repr": "Test #1", "action_flag": 2, "change_message": "[{\"changed\": {\"fields\": [\"Locker status id\"]}}]"}}, {"model": "admin.logentry", "pk": 330, "fields": {"action_time": "2020-05-12T03:42:50.519Z", "user": ["admin"], "content_type": ["database", "cust_locker"], "object_id": "100", "object_repr": "Alessandro Lou Test #1", "action_flag": 2, "change_message": "[]"}}, {"model": "admin.logentry", "pk": 331, "fields": {"action_time": "2020-05-12T03:46:49.592Z", "user": ["admin"], "content_type": ["database", "cust_locker"], "object_id": "100", "object_repr": "Alessandro Lou Test #1", "action_flag": 2, "change_message": "[{\"changed\": {\"fields\": [\"Contacted\"]}}]"}}, {"model": "admin.logentry", "pk": 332, "fields": {"action_time": "2020-05-12T03:47:05.438Z", "user": ["admin"], "content_type": ["database", "location_renewals"], "object_id": "1", "object_repr": "Test 2020-03-18", "action_flag": 2, "change_message": "[{\"changed\": {\"fields\": [\"Date\"]}}]"}}, {"model": "admin.logentry", "pk": 333, "fields": {"action_time": "2020-05-12T03:47:06.618Z", "user": ["admin"], "content_type": ["database", "cust_locker"], "object_id": "100", "object_repr": "Alessandro Lou Test #1", "action_flag": 2, "change_message": "[]"}}, {"model": "admin.logentry", "pk": 334, "fields": {"action_time": "2020-05-12T03:47:30.641Z", "user": ["admin"], "content_type": ["database", "cust_locker"], "object_id": "100", "object_repr": "Alessandro Lou Test #1", "action_flag": 2, "change_message": "[{\"changed\": {\"fields\": [\"Contacted\"]}}]"}}, {"model": "admin.logentry", "pk": 335, "fields": {"action_time": "2020-05-12T03:47:47.591Z", "user": ["admin"], "content_type": ["database", "cust_locker"], "object_id": "100", "object_repr": "Alessandro Lou Test #1", "action_flag": 2, "change_message": "[{\"changed\": {\"fields\": [\"Contacted\"]}}]"}}, {"model": "admin.logentry", "pk": 336, "fields": {"action_time": "2020-05-12T03:50:09.420Z", "user": ["admin"], "content_type": ["database", "customer"], "object_id": "54", "object_repr": "Alessandro Lou", "action_flag": 2, "change_message": "[{\"changed\": {\"fields\": [\"Status\"]}}]"}}, {"model": "admin.logentry", "pk": 337, "fields": {"action_time": "2020-05-12T03:50:10.879Z", "user": ["admin"], "content_type": ["database", "cust_locker"], "object_id": "100", "object_repr": "Alessandro Lou Test #1", "action_flag": 2, "change_message": "[]"}}, {"model": "admin.logentry", "pk": 338, "fields": {"action_time": "2020-05-12T03:52:02.833Z", "user": ["admin"], "content_type": ["database", "cust_locker"], "object_id": "100", "object_repr": "Alessandro Lou Test #1", "action_flag": 2, "change_message": "[{\"changed\": {\"fields\": [\"Contacted\"]}}]"}}, {"model": "admin.logentry", "pk": 339, "fields": {"action_time": "2020-05-12T03:52:15.585Z", "user": ["admin"], "content_type": ["database", "location_renewals"], "object_id": "1", "object_repr": "Test 2020-05-11", "action_flag": 2, "change_message": "[{\"changed\": {\"fields\": [\"Date\"]}}]"}}, {"model": "admin.logentry", "pk": 340, "fields": {"action_time": "2020-05-12T03:52:16.552Z", "user": ["admin"], "content_type": ["database", "cust_locker"], "object_id": "100", "object_repr": "Alessandro Lou Test #1", "action_flag": 2, "change_message": "[]"}}, {"model": "admin.logentry", "pk": 341, "fields": {"action_time": "2020-05-12T03:52:50.709Z", "user": ["admin"], "content_type": ["database", "customer"], "object_id": "55", "object_repr": "Richard York", "action_flag": 1, "change_message": "[{\"added\": {}}]"}}, {"model": "admin.logentry", "pk": 342, "fields": {"action_time": "2020-05-12T03:53:00.396Z", "user": ["admin"], "content_type": ["database", "locker"], "object_id": "111", "object_repr": "Test #2", "action_flag": 1, "change_message": "[{\"added\": {}}]"}}, {"model": "admin.logentry", "pk": 343, "fields": {"action_time": "2020-05-12T03:53:07.338Z", "user": ["admin"], "content_type": ["database", "cust_locker"], "object_id": "101", "object_repr": "Richard York Test #2", "action_flag": 1, "change_message": "[{\"added\": {}}]"}}, {"model": "admin.logentry", "pk": 344, "fields": {"action_time": "2020-05-12T03:53:19.108Z", "user": ["admin"], "content_type": ["database", "cust_locker"], "object_id": "101", "object_repr": "Richard York Test #2", "action_flag": 2, "change_message": "[{\"changed\": {\"fields\": [\"Location renewal\"]}}]"}}, {"model": "admin.logentry", "pk": 345, "fields": {"action_time": "2020-05-12T03:53:52.303Z", "user": ["admin"], "content_type": ["database", "customer"], "object_id": "56", "object_repr": "Kathy T", "action_flag": 1, "change_message": "[{\"added\": {}}]"}}, {"model": "admin.logentry", "pk": 346, "fields": {"action_time": "2020-05-12T03:54:00.848Z", "user": ["admin"], "content_type": ["database", "cust_locker"], "object_id": "102", "object_repr": "Kathy T Test #2", "action_flag": 1, "change_message": "[{\"added\": {}}]"}}, {"model": "admin.logentry", "pk": 347, "fields": {"action_time": "2020-05-12T04:12:47.608Z", "user": ["admin"], "content_type": ["database", "location_renewals"], "object_id": "1", "object_repr": "Test 2020-04-15", "action_flag": 2, "change_message": "[{\"changed\": {\"fields\": [\"Date\"]}}]"}}, {"model": "admin.logentry", "pk": 348, "fields": {"action_time": "2020-05-12T04:12:48.522Z", "user": ["admin"], "content_type": ["database", "cust_locker"], "object_id": "100", "object_repr": "Alessandro Lou Test #1", "action_flag": 2, "change_message": "[]"}}, {"model": "admin.logentry", "pk": 349, "fields": {"action_time": "2020-05-12T04:23:45.415Z", "user": ["admin"], "content_type": ["database", "cust_locker"], "object_id": "101", "object_repr": "Richard York Auburn P&R #1", "action_flag": 2, "change_message": "[{\"changed\": {\"fields\": [\"Locker id\"]}}]"}}, {"model": "admin.logentry", "pk": 350, "fields": {"action_time": "2020-05-12T04:28:36.082Z", "user": ["admin"], "content_type": ["database", "location_renewals"], "object_id": "1", "object_repr": "Test 2020-05-12", "action_flag": 2, "change_message": "[{\"changed\": {\"fields\": [\"Date\"]}}]"}}, {"model": "admin.logentry", "pk": 351, "fields": {"action_time": "2020-05-12T04:28:36.834Z", "user": ["admin"], "content_type": ["database", "cust_locker"], "object_id": "100", "object_repr": "Alessandro Lou Test #1", "action_flag": 2, "change_message": "[]"}}, {"model": "admin.logentry", "pk": 352, "fields": {"action_time": "2020-05-12T04:28:47.873Z", "user": ["admin"], "content_type": ["database", "location_renewals"], "object_id": "2", "object_repr": "Auburn P&R 2020-05-20", "action_flag": 2, "change_message": "[{\"changed\": {\"fields\": [\"Date\"]}}]"}}, {"model": "admin.logentry", "pk": 353, "fields": {"action_time": "2020-05-12T04:28:48.914Z", "user": ["admin"], "content_type": ["database", "cust_locker"], "object_id": "101", "object_repr": "Richard York Auburn P&R #1", "action_flag": 2, "change_message": "[]"}}, {"model": "admin.logentry", "pk": 354, "fields": {"action_time": "2020-05-12T04:29:05.551Z", "user": ["admin"], "content_type": ["database", "location_renewals"], "object_id": "1", "object_repr": "Test 2020-05-11", "action_flag": 2, "change_message": "[{\"changed\": {\"fields\": [\"Date\"]}}]"}}, {"model": "admin.logentry", "pk": 355, "fields": {"action_time": "2020-05-12T04:29:07.015Z", "user": ["admin"], "content_type": ["database", "cust_locker"], "object_id": "102", "object_repr": "Kathy T Test #2", "action_flag": 2, "change_message": "[]"}}, {"model": "admin.logentry", "pk": 356, "fields": {"action_time": "2020-05-12T04:29:27.062Z", "user": ["admin"], "content_type": ["database", "cust_locker"], "object_id": "100", "object_repr": "Alessandro Lou Test #1", "action_flag": 2, "change_message": "[{\"changed\": {\"fields\": [\"Contacted\"]}}]"}}, {"model": "admin.logentry", "pk": 357, "fields": {"action_time": "2020-05-12T04:29:45.718Z", "user": ["admin"], "content_type": ["database", "cust_locker"], "object_id": "102", "object_repr": "Kathy T Test #2", "action_flag": 2, "change_message": "[{\"changed\": {\"fields\": [\"Contacted\"]}}]"}}, {"model": "admin.logentry", "pk": 358, "fields": {"action_time": "2020-05-12T04:30:17.004Z", "user": ["admin"], "content_type": ["database", "location_renewals"], "object_id": "1", "object_repr": "Test 2020-03-25", "action_flag": 2, "change_message": "[{\"changed\": {\"fields\": [\"Date\"]}}]"}}, {"model": "admin.logentry", "pk": 359, "fields": {"action_time": "2020-05-12T04:30:17.974Z", "user": ["admin"], "content_type": ["database", "cust_locker"], "object_id": "100", "object_repr": "Alessandro Lou Test #1", "action_flag": 2, "change_message": "[]"}}, {"model": "admin.logentry", "pk": 360, "fields": {"action_time": "2020-05-12T04:40:28.492Z", "user": ["admin"], "content_type": ["database", "location_renewals"], "object_id": "1", "object_repr": "Test 2020-05-11", "action_flag": 2, "change_message": "[{\"changed\": {\"fields\": [\"Date\"]}}]"}}, {"model": "admin.logentry", "pk": 361, "fields": {"action_time": "2020-05-12T04:40:31.656Z", "user": ["admin"], "content_type": ["database", "cust_locker"], "object_id": "100", "object_repr": "Alessandro Lou Test #1", "action_flag": 2, "change_message": "[{\"changed\": {\"fields\": [\"Contacted\"]}}]"}}, {"model": "admin.logentry", "pk": 362, "fields": {"action_time": "2020-05-12T04:46:15.081Z", "user": ["admin"], "content_type": ["database", "cust_locker"], "object_id": "100", "object_repr": "Alessandro Lou Test #1", "action_flag": 2, "change_message": "[{\"changed\": {\"fields\": [\"Contacted\"]}}]"}}, {"model": "admin.logentry", "pk": 363, "fields": {"action_time": "2020-05-12T04:46:36.855Z", "user": ["admin"], "content_type": ["database", "location_renewals"], "object_id": "1", "object_repr": "Test 2020-03-18", "action_flag": 2, "change_message": "[{\"changed\": {\"fields\": [\"Date\"]}}]"}}, {"model": "admin.logentry", "pk": 364, "fields": {"action_time": "2020-05-12T04:46:38.502Z", "user": ["admin"], "content_type": ["database", "cust_locker"], "object_id": "100", "object_repr": "Alessandro Lou Test #1", "action_flag": 2, "change_message": "[]"}}, {"model": "admin.logentry", "pk": 365, "fields": {"action_time": "2020-05-12T05:42:51.305Z", "user": ["admin"], "content_type": ["database", "cust_locker"], "object_id": "100", "object_repr": "Alessandro Lou Test #1", "action_flag": 2, "change_message": "[{\"changed\": {\"fields\": [\"Contacted\"]}}]"}}, {"model": "admin.logentry", "pk": 366, "fields": {"action_time": "2020-05-12T05:46:38.806Z", "user": ["admin"], "content_type": ["database", "cust_locker"], "object_id": "100", "object_repr": "Alessandro Lou Test #1", "action_flag": 2, "change_message": "[{\"changed\": {\"fields\": [\"Contacted\"]}}]"}}, {"model": "admin.logentry", "pk": 367, "fields": {"action_time": "2020-05-12T06:28:15.151Z", "user": ["admin"], "content_type": ["database", "cust_locker"], "object_id": "100", "object_repr": "Alessandro Lou Test #1", "action_flag": 3, "change_message": ""}}, {"model": "admin.logentry", "pk": 368, "fields": {"action_time": "2020-05-12T07:58:07.556Z", "user": ["admin"], "content_type": ["database", "location_renewals"], "object_id": "3", "object_repr": "Bear Creek P&R / 2020-05-12", "action_flag": 1, "change_message": "[{\"added\": {}}]"}}, {"model": "admin.logentry", "pk": 369, "fields": {"action_time": "2020-05-12T07:58:09.217Z", "user": ["admin"], "content_type": ["database", "cust_locker"], "object_id": "95", "object_repr": "Tom Popovich Bear Creek P&R #10", "action_flag": 2, "change_message": "[{\"changed\": {\"fields\": [\"Location renewal\"]}}]"}}, {"model": "admin.logentry", "pk": 370, "fields": {"action_time": "2020-05-12T07:58:28.736Z", "user": ["admin"], "content_type": ["database", "cust_locker"], "object_id": "92", "object_repr": "Stuart Smith Bear Creek P&R #6", "action_flag": 2, "change_message": "[{\"changed\": {\"fields\": [\"Location renewal\"]}}]"}}, {"model": "admin.logentry", "pk": 371, "fields": {"action_time": "2020-05-12T07:58:36.174Z", "user": ["admin"], "content_type": ["database", "cust_locker"], "object_id": "93", "object_repr": "Charlie Tinninghast Bear Creek P&R #8", "action_flag": 2, "change_message": "[{\"changed\": {\"fields\": [\"Location renewal\"]}}]"}}, {"model": "admin.logentry", "pk": 372, "fields": {"action_time": "2020-05-12T07:58:46.358Z", "user": ["admin"], "content_type": ["database", "cust_locker"], "object_id": "94", "object_repr": "Tim Whelan Bear Creek P&R #9", "action_flag": 2, "change_message": "[{\"changed\": {\"fields\": [\"Location renewal\"]}}]"}}, {"model": "admin.logentry", "pk": 373, "fields": {"action_time": "2020-05-12T07:58:52.683Z", "user": ["admin"], "content_type": ["database", "cust_locker"], "object_id": "96", "object_repr": "Manuel Soto Bear Creek P&R #11", "action_flag": 2, "change_message": "[{\"changed\": {\"fields\": [\"Location renewal\"]}}]"}}, {"model": "admin.logentry", "pk": 374, "fields": {"action_time": "2020-05-12T07:59:00.636Z", "user": ["admin"], "content_type": ["database", "cust_locker"], "object_id": "98", "object_repr": "Galen Knapp Bear Creek P&R #15", "action_flag": 2, "change_message": "[{\"changed\": {\"fields\": [\"Location renewal\"]}}]"}}, {"model": "admin.logentry", "pk": 375, "fields": {"action_time": "2020-05-12T07:59:07.816Z", "user": ["admin"], "content_type": ["database", "cust_locker"], "object_id": "99", "object_repr": "Zot O'Connor Bear Creek P&R #16", "action_flag": 2, "change_message": "[{\"changed\": {\"fields\": [\"Location renewal\"]}}]"}}, {"model": "admin.logentry", "pk": 376, "fields": {"action_time": "2020-05-12T07:59:21.274Z", "user": ["admin"], "content_type": ["database", "location_renewals"], "object_id": "3", "object_repr": "Bear Creek P&R / 2020-05-11", "action_flag": 2, "change_message": "[{\"changed\": {\"fields\": [\"Locker Location Renewal Date\"]}}]"}}, {"model": "admin.logentry", "pk": 377, "fields": {"action_time": "2020-05-12T08:34:19.579Z", "user": ["admin"], "content_type": ["database", "customer"], "object_id": "50", "object_repr": "Manuel Soto", "action_flag": 2, "change_message": "[{\"changed\": {\"fields\": [\"Zip Code\"]}}]"}}, {"model": "admin.logentry", "pk": 378, "fields": {"action_time": "2020-05-12T08:34:20.776Z", "user": ["admin"], "content_type": ["database", "cust_locker"], "object_id": "96", "object_repr": "Manuel Soto Bear Creek P&R #11", "action_flag": 2, "change_message": "[]"}}, {"model": "admin.logentry", "pk": 379, "fields": {"action_time": "2020-05-12T15:55:01.147Z", "user": ["admin"], "content_type": ["database", "location_renewals"], "object_id": "4", "object_repr": "Brickyard Road P&R / 2020-05-12", "action_flag": 1, "change_message": "[{\"added\": {}}]"}}, {"model": "admin.logentry", "pk": 380, "fields": {"action_time": "2020-05-12T16:00:55.034Z", "user": ["admin"], "content_type": ["database", "location_renewals"], "object_id": "3", "object_repr": "Bear Creek P&R / 2020-05-12", "action_flag": 2, "change_message": "[{\"changed\": {\"fields\": [\"Locker Location Renewal Date\"]}}]"}}, {"model": "admin.logentry", "pk": 381, "fields": {"action_time": "2020-05-12T16:00:56.568Z", "user": ["admin"], "content_type": ["database", "cust_locker"], "object_id": "92", "object_repr": "Stuart Smith Bear Creek P&R #6", "action_flag": 2, "change_message": "[]"}}, {"model": "admin.logentry", "pk": 382, "fields": {"action_time": "2020-05-12T16:01:20.785Z", "user": ["admin"], "content_type": ["database", "customer"], "object_id": "56", "object_repr": "Kathy Tran", "action_flag": 2, "change_message": "[{\"changed\": {\"fields\": [\"Last Name\", \"Email\", \"Phone #1\", \"Street Address\", \"Zip Code\", \"Status\"]}}]"}}, {"model": "admin.logentry", "pk": 383, "fields": {"action_time": "2020-05-12T16:01:25.387Z", "user": ["admin"], "content_type": ["database", "cust_locker"], "object_id": "102", "object_repr": "Kathy Tran Test #2", "action_flag": 2, "change_message": "[]"}}, {"model": "admin.logentry", "pk": 384, "fields": {"action_time": "2020-05-12T16:01:47.404Z", "user": ["admin"], "content_type": ["database", "cust_locker"], "object_id": "103", "object_repr": "Alessandro Lou Test #2", "action_flag": 1, "change_message": "[{\"added\": {}}]"}}, {"model": "admin.logentry", "pk": 385, "fields": {"action_time": "2020-05-12T16:02:04.407Z", "user": ["admin"], "content_type": ["database", "customer"], "object_id": "56", "object_repr": "Richard York", "action_flag": 2, "change_message": "[{\"changed\": {\"fields\": [\"First Name\", \"Last Name\", \"Email\", \"Phone #1\", \"Street Address\", \"Zip Code\"]}}]"}}, {"model": "admin.logentry", "pk": 386, "fields": {"action_time": "2020-05-12T16:02:05.315Z", "user": ["admin"], "content_type": ["database", "cust_locker"], "object_id": "102", "object_repr": "Richard York Test #2", "action_flag": 2, "change_message": "[]"}}, {"model": "admin.logentry", "pk": 387, "fields": {"action_time": "2020-05-12T16:03:00.037Z", "user": ["admin"], "content_type": ["database", "customer"], "object_id": "56", "object_repr": "Kathy Tran", "action_flag": 2, "change_message": "[{\"changed\": {\"fields\": [\"First Name\", \"Last Name\", \"Email\", \"Street Address\", \"Zip Code\"]}}]"}}, {"model": "admin.logentry", "pk": 388, "fields": {"action_time": "2020-05-12T16:03:03.925Z", "user": ["admin"], "content_type": ["database", "cust_locker"], "object_id": "102", "object_repr": "Kathy Tran Test #2", "action_flag": 2, "change_message": "[]"}}, {"model": "admin.logentry", "pk": 389, "fields": {"action_time": "2020-05-12T16:16:28.520Z", "user": ["admin"], "content_type": ["database", "maintenance"], "object_id": "2", "object_repr": "2020-05-07 Auburn P&R - Bike", "action_flag": 3, "change_message": ""}}, {"model": "admin.logentry", "pk": 390, "fields": {"action_time": "2020-05-12T16:16:45.408Z", "user": ["admin"], "content_type": ["database", "inquiry"], "object_id": "6", "object_repr": "Rob Gendron (2020-05-06)", "action_flag": 1, "change_message": "[{\"added\": {}}]"}}, {"model": "admin.logentry", "pk": 391, "fields": {"action_time": "2020-05-12T16:53:13.971Z", "user": ["admin"], "content_type": ["database", "inquiry"], "object_id": "6", "object_repr": "Rob Gendron (2020-05-06)", "action_flag": 3, "change_message": ""}}, {"model": "admin.logentry", "pk": 392, "fields": {"action_time": "2020-05-12T16:53:22.071Z", "user": ["admin"], "content_type": ["database", "inquiry"], "object_id": "5", "object_repr": "Marlina Hayes (2020-05-12)", "action_flag": 3, "change_message": ""}}, {"model": "admin.logentry", "pk": 393, "fields": {"action_time": "2020-05-12T16:54:23.152Z", "user": ["admin"], "content_type": ["database", "location_renewals"], "object_id": "1", "object_repr": "Test / 2020-05-12", "action_flag": 2, "change_message": "[{\"changed\": {\"fields\": [\"Locker Location Renewal Date\"]}}]"}}, {"model": "admin.logentry", "pk": 394, "fields": {"action_time": "2020-05-12T16:54:23.874Z", "user": ["admin"], "content_type": ["database", "cust_locker"], "object_id": "103", "object_repr": "Alessandro Lou Test #2", "action_flag": 2, "change_message": "[]"}}, {"model": "admin.logentry", "pk": 395, "fields": {"action_time": "2020-05-12T16:54:43.352Z", "user": ["admin"], "content_type": ["database", "location"], "object_id": "42", "object_repr": "Test Location", "action_flag": 2, "change_message": "[{\"changed\": {\"fields\": [\"Location Name\", \"Location Capacity\"]}}]"}}, {"model": "admin.logentry", "pk": 396, "fields": {"action_time": "2020-05-12T16:54:44.533Z", "user": ["admin"], "content_type": ["database", "location_renewals"], "object_id": "1", "object_repr": "Test Location / 2020-05-12", "action_flag": 2, "change_message": "[]"}}, {"model": "admin.logentry", "pk": 397, "fields": {"action_time": "2020-05-12T16:55:00.073Z", "user": ["admin"], "content_type": ["database", "location"], "object_id": "17", "object_repr": "Auburn P&R", "action_flag": 2, "change_message": "[{\"changed\": {\"fields\": [\"Location Capacity\"]}}]"}}, {"model": "admin.logentry", "pk": 398, "fields": {"action_time": "2020-05-12T16:55:03.407Z", "user": ["admin"], "content_type": ["database", "location"], "object_id": "41", "object_repr": "Aurora Village TC", "action_flag": 2, "change_message": "[{\"changed\": {\"fields\": [\"Location Capacity\"]}}]"}}, {"model": "admin.logentry", "pk": 399, "fields": {"action_time": "2020-05-12T16:55:06.756Z", "user": ["admin"], "content_type": ["database", "location"], "object_id": "17", "object_repr": "Auburn P&R", "action_flag": 2, "change_message": "[{\"changed\": {\"fields\": [\"Location Capacity\"]}}]"}}, {"model": "admin.logentry", "pk": 400, "fields": {"action_time": "2020-05-12T16:55:43.743Z", "user": ["admin"], "content_type": ["database", "location"], "object_id": "19", "object_repr": "Bear Creek P&R", "action_flag": 2, "change_message": "[{\"changed\": {\"fields\": [\"Location Capacity\"]}}]"}}, {"model": "admin.logentry", "pk": 401, "fields": {"action_time": "2020-05-12T17:10:35.907Z", "user": ["admin"], "content_type": ["database", "cust_locker"], "object_id": "104", "object_repr": "Marlina Hay Bear Creek P&R #5", "action_flag": 1, "change_message": "[{\"added\": {}}]"}}, {"model": "admin.logentry", "pk": 402, "fields": {"action_time": "2020-05-12T17:11:34.478Z", "user": ["admin"], "content_type": ["database", "location_renewals"], "object_id": "1", "object_repr": "Test Location / 2020-05-05", "action_flag": 2, "change_message": "[{\"changed\": {\"fields\": [\"Locker Location Renewal Date\"]}}]"}}, {"model": "admin.logentry", "pk": 403, "fields": {"action_time": "2020-05-12T17:13:48.591Z", "user": ["admin"], "content_type": ["database", "location_renewals"], "object_id": "1", "object_repr": "Test Location / 2020-03-18", "action_flag": 2, "change_message": "[{\"changed\": {\"fields\": [\"Locker Location Renewal Date\"]}}]"}}, {"model": "admin.logentry", "pk": 404, "fields": {"action_time": "2020-05-13T00:08:47.467Z", "user": ["admin"], "content_type": ["database", "maintenance"], "object_id": "3", "object_repr": "2020-05-07 Auburn P&R - Bike", "action_flag": 2, "change_message": "[{\"changed\": {\"fields\": [\"Main status id\"]}}]"}}, {"model": "admin.logentry", "pk": 405, "fields": {"action_time": "2020-05-13T00:09:25.844Z", "user": ["admin"], "content_type": ["database", "location"], "object_id": "17", "object_repr": "Auburn Park & Ride", "action_flag": 2, "change_message": "[{\"changed\": {\"fields\": [\"Location Name\"]}}]"}}, {"model": "admin.logentry", "pk": 406, "fields": {"action_time": "2020-05-13T00:09:34.848Z", "user": ["admin"], "content_type": ["database", "location"], "object_id": "41", "object_repr": "Aurora Village Transit Center", "action_flag": 2, "change_message": "[{\"changed\": {\"fields\": [\"Location Name\"]}}]"}}, {"model": "admin.logentry", "pk": 407, "fields": {"action_time": "2020-05-13T00:09:42.206Z", "user": ["admin"], "content_type": ["database", "location"], "object_id": "19", "object_repr": "Bear Creek Park & Ride", "action_flag": 2, "change_message": "[{\"changed\": {\"fields\": [\"Location Name\"]}}]"}}, {"model": "admin.logentry", "pk": 408, "fields": {"action_time": "2020-05-13T00:09:50.960Z", "user": ["admin"], "content_type": ["database", "location"], "object_id": "20", "object_repr": "Brickyard Road Park & Ride", "action_flag": 2, "change_message": "[{\"changed\": {\"fields\": [\"Location Name\"]}}]"}}, {"model": "admin.logentry", "pk": 409, "fields": {"action_time": "2020-05-13T00:09:59.517Z", "user": ["admin"], "content_type": ["database", "location"], "object_id": "21", "object_repr": "Burien Transit Center", "action_flag": 2, "change_message": "[{\"changed\": {\"fields\": [\"Location Name\"]}}]"}}, {"model": "admin.logentry", "pk": 410, "fields": {"action_time": "2020-05-13T00:11:49.530Z", "user": ["admin"], "content_type": ["database", "location"], "object_id": "22", "object_repr": "Eastgate Park & Ride", "action_flag": 2, "change_message": "[{\"changed\": {\"fields\": [\"Location Name\", \"Location Capacity\"]}}]"}}, {"model": "admin.logentry", "pk": 411, "fields": {"action_time": "2020-05-13T00:12:05.900Z", "user": ["admin"], "content_type": ["database", "location"], "object_id": "21", "object_repr": "Burien Transit Center", "action_flag": 2, "change_message": "[{\"changed\": {\"fields\": [\"Location Capacity\"]}}]"}}, {"model": "admin.logentry", "pk": 412, "fields": {"action_time": "2020-05-13T00:12:24.692Z", "user": ["admin"], "content_type": ["database", "location"], "object_id": "20", "object_repr": "Brickyard Road Park & Ride", "action_flag": 2, "change_message": "[{\"changed\": {\"fields\": [\"Location Capacity\"]}}]"}}, {"model": "admin.logentry", "pk": 413, "fields": {"action_time": "2020-05-13T00:12:47.873Z", "user": ["admin"], "content_type": ["database", "location"], "object_id": "23", "object_repr": "Federal Way/S 320th St Park & Ride", "action_flag": 2, "change_message": "[{\"changed\": {\"fields\": [\"Location Name\", \"Location Capacity\"]}}]"}}, {"model": "admin.logentry", "pk": 414, "fields": {"action_time": "2020-05-13T00:13:08.586Z", "user": ["admin"], "content_type": ["database", "location"], "object_id": "24", "object_repr": "Greenlake Park & Ride", "action_flag": 2, "change_message": "[{\"changed\": {\"fields\": [\"Location Name\", \"Location Capacity\"]}}]"}}, {"model": "admin.logentry", "pk": 415, "fields": {"action_time": "2020-05-13T00:13:39.836Z", "user": ["admin"], "content_type": ["database", "location"], "object_id": "25", "object_repr": "Issaquah - Tibbetts Lot", "action_flag": 2, "change_message": "[{\"changed\": {\"fields\": [\"Location Name\", \"Location Capacity\"]}}]"}}, {"model": "admin.logentry", "pk": 416, "fields": {"action_time": "2020-05-13T00:14:10.136Z", "user": ["admin"], "content_type": ["database", "location"], "object_id": "43", "object_repr": "Issaquah Highlands Park & Ride", "action_flag": 1, "change_message": "[{\"added\": {}}]"}}, {"model": "admin.logentry", "pk": 417, "fields": {"action_time": "2020-05-13T00:14:28.570Z", "user": ["admin"], "content_type": ["database", "location"], "object_id": "26", "object_repr": "Kenmore Park & Ride", "action_flag": 2, "change_message": "[{\"changed\": {\"fields\": [\"Location Name\", \"Location Capacity\"]}}]"}}, {"model": "admin.logentry", "pk": 418, "fields": {"action_time": "2020-05-13T00:14:42.059Z", "user": ["admin"], "content_type": ["database", "location"], "object_id": "27", "object_repr": "Kent/James St Park & Ride", "action_flag": 2, "change_message": "[{\"changed\": {\"fields\": [\"Location Name\", \"Location Capacity\"]}}]"}}, {"model": "admin.logentry", "pk": 419, "fields": {"action_time": "2020-05-13T00:15:00.681Z", "user": ["admin"], "content_type": ["database", "location"], "object_id": "28", "object_repr": "Kingsgate Park & Ride", "action_flag": 2, "change_message": "[{\"changed\": {\"fields\": [\"Location Name\", \"Location Capacity\"]}}]"}}, {"model": "admin.logentry", "pk": 420, "fields": {"action_time": "2020-05-13T00:15:20.413Z", "user": ["admin"], "content_type": ["database", "location"], "object_id": "29", "object_repr": "Newport Hills Park & Ride", "action_flag": 2, "change_message": "[{\"changed\": {\"fields\": [\"Location Name\", \"Location Capacity\"]}}]"}}, {"model": "admin.logentry", "pk": 421, "fields": {"action_time": "2020-05-13T00:15:50.098Z", "user": ["admin"], "content_type": ["database", "location"], "object_id": "30", "object_repr": "Northgate Transit Center", "action_flag": 2, "change_message": "[{\"changed\": {\"fields\": [\"Location Name\", \"Location Capacity\"]}}]"}}, {"model": "admin.logentry", "pk": 422, "fields": {"action_time": "2020-05-13T00:16:06.998Z", "user": ["admin"], "content_type": ["database", "location"], "object_id": "31", "object_repr": "Redmond Transit Center", "action_flag": 2, "change_message": "[{\"changed\": {\"fields\": [\"Location Name\", \"Location Capacity\"]}}]"}}, {"model": "admin.logentry", "pk": 423, "fields": {"action_time": "2020-05-13T00:16:31.744Z", "user": ["admin"], "content_type": ["database", "location"], "object_id": "44", "object_repr": "Houghton Park & Ride", "action_flag": 1, "change_message": "[{\"added\": {}}]"}}, {"model": "admin.logentry", "pk": 424, "fields": {"action_time": "2020-05-13T00:17:46.298Z", "user": ["admin"], "content_type": ["database", "location"], "object_id": "25", "object_repr": "Issaquah - Tibbetts Lot Park & Ride", "action_flag": 2, "change_message": "[{\"changed\": {\"fields\": [\"Location Name\"]}}]"}}, {"model": "admin.logentry", "pk": 425, "fields": {"action_time": "2020-05-13T00:18:25.565Z", "user": ["admin"], "content_type": ["database", "location"], "object_id": "32", "object_repr": "Renton - St Matthew's Lutheran Church", "action_flag": 2, "change_message": "[{\"changed\": {\"fields\": [\"Location Capacity\"]}}]"}}, {"model": "admin.logentry", "pk": 426, "fields": {"action_time": "2020-05-13T00:19:14.040Z", "user": ["admin"], "content_type": ["database", "location"], "object_id": "45", "object_repr": "South Kirkland Park & Ride", "action_flag": 1, "change_message": "[{\"added\": {}}]"}}, {"model": "admin.logentry", "pk": 427, "fields": {"action_time": "2020-05-13T00:19:32.899Z", "user": ["admin"], "content_type": ["database", "location"], "object_id": "46", "object_repr": "South Sammamish Park & Ride", "action_flag": 1, "change_message": "[{\"added\": {}}]"}}, {"model": "admin.logentry", "pk": 428, "fields": {"action_time": "2020-05-13T00:20:03.622Z", "user": ["admin"], "content_type": ["database", "location"], "object_id": "47", "object_repr": "Tukwila Park & Ride", "action_flag": 1, "change_message": "[{\"added\": {}}]"}}, {"model": "admin.logentry", "pk": 429, "fields": {"action_time": "2020-05-13T00:20:35.073Z", "user": ["admin"], "content_type": ["database", "location"], "object_id": "48", "object_repr": "Vashon Island/Valley Center Park & Ride", "action_flag": 1, "change_message": "[{\"added\": {}}]"}}, {"model": "admin.logentry", "pk": 430, "fields": {"action_time": "2020-05-13T00:20:59.119Z", "user": ["admin"], "content_type": ["database", "location"], "object_id": "49", "object_repr": "Woodinville Park & Ride", "action_flag": 1, "change_message": "[{\"added\": {}}]"}}, {"model": "admin.logentry", "pk": 431, "fields": {"action_time": "2020-05-13T05:03:46.747Z", "user": ["admin"], "content_type": ["database", "cust_locker"], "object_id": "98", "object_repr": "Galen Knapp Bear Creek Park & Ride #15", "action_flag": 2, "change_message": "[{\"changed\": {\"fields\": [\"Contacted\", \"Notes\"]}}]"}}, {"model": "admin.logentry", "pk": 432, "fields": {"action_time": "2020-05-13T05:03:53.386Z", "user": ["admin"], "content_type": ["database", "cust_locker"], "object_id": "104", "object_repr": "Marlina Hay Bear Creek Park & Ride #5", "action_flag": 2, "change_message": "[{\"changed\": {\"fields\": [\"Contacted\", \"Notes\"]}}]"}}, {"model": "admin.logentry", "pk": 433, "fields": {"action_time": "2020-05-13T05:04:06.089Z", "user": ["admin"], "content_type": ["database", "cust_locker"], "object_id": "40", "object_repr": "Rob Gendron Aurora Village Transit Center #1", "action_flag": 2, "change_message": "[{\"changed\": {\"fields\": [\"Contacted\", \"Notes\"]}}]"}}]